namespace,node,nodepool,replicaset,owner_kind,instance_type,pods_count
activity-flow,ip-172-16-59-148.ec2.internal,activity-flow,otel-o11y-ob3-af-beta-opentelemetry-collector-55fcc786c6,Deployment,r7g.2xlarge,2
activity-flow,ip-172-16-59-148.ec2.internal,activity-flow,otel-o11y-ob3-af-stable-opentelemetry-collector-7f69d9fcc,Deployment,r7g.2xlarge,2
activity-flow,ip-172-16-62-185.ec2.internal,activity-flow,otel-o11y-ob3-af-beta-opentelemetry-collector-55fcc786c6,Deployment,r7g.2xlarge,1
activity-flow,ip-172-16-62-185.ec2.internal,activity-flow,otel-o11y-ob3-af-stable-opentelemetry-collector-7f69d9fcc,Deployment,r7g.2xlarge,2
clickhouse,ip-172-16-213-58.ec2.internal,clickhouse,chi-clickhouse-signoz-ch-cluster-1-0,StatefulSet,c6a.8xlarge,1
clickhouse,ip-172-16-218-152.ec2.internal,clickhouse,chi-clickhouse-signoz-ch-cluster-2-1,StatefulSet,c6a.8xlarge,1
clickhouse,ip-172-16-226-163.ec2.internal,default,clickhouse-signoz-ch-keeper,StatefulSet,c6a.xlarge,1
clickhouse,ip-172-16-227-136.ec2.internal,clickhouse,chi-clickhouse-signoz-ch-cluster-0-1,StatefulSet,c6a.8xlarge,1
clickhouse,ip-172-16-229-178.ec2.internal,clickhouse,chi-clickhouse-signoz-ch-cluster-4-0,StatefulSet,c6a.8xlarge,1
clickhouse,ip-172-16-24-120.ec2.internal,clickhouse,chi-clickhouse-signoz-ch-cluster-1-1,StatefulSet,c6a.8xlarge,1
clickhouse,ip-172-16-247-131.ec2.internal,clickhouse,chi-clickhouse-signoz-ch-cluster-5-1,StatefulSet,c6a.8xlarge,1
clickhouse,ip-172-16-25-225.ec2.internal,default,clickhouse-signoz-ch-keeper,StatefulSet,c6a.xlarge,1
clickhouse,ip-172-16-250-69.ec2.internal,clickhouse,chi-clickhouse-signoz-ch-cluster-6-0,StatefulSet,c6a.8xlarge,1
clickhouse,ip-172-16-251-243.ec2.internal,clickhouse,chi-clickhouse-signoz-ch-cluster-6-1,StatefulSet,c6a.8xlarge,1
clickhouse,ip-172-16-253-135.ec2.internal,clickhouse,chi-clickhouse-signoz-ch-cluster-3-0,StatefulSet,c6a.8xlarge,1
clickhouse,ip-172-16-253-135.ec2.internal,clickhouse,clickhouse-operator-56576cdb74,Deployment,c6a.8xlarge,1
clickhouse,ip-172-16-253-96.ec2.internal,clickhouse,chi-clickhouse-signoz-ch-cluster-3-1,StatefulSet,c6a.8xlarge,1
clickhouse,ip-172-16-35-198.ec2.internal,clickhouse,chi-clickhouse-signoz-ch-cluster-2-0,StatefulSet,c6a.8xlarge,1
clickhouse,ip-172-16-42-62.ec2.internal,default,clickhouse-signoz-ch-keeper,StatefulSet,c6a.xlarge,1
clickhouse,ip-172-16-44-130.ec2.internal,clickhouse,chi-clickhouse-signoz-ch-cluster-7-1,StatefulSet,c6a.8xlarge,1
clickhouse,ip-172-16-54-178.ec2.internal,clickhouse,chi-clickhouse-signoz-ch-cluster-5-0,StatefulSet,c6a.8xlarge,1
clickhouse,ip-172-16-54-198.ec2.internal,clickhouse,chi-clickhouse-signoz-ch-cluster-4-1,StatefulSet,c6a.8xlarge,1
clickhouse,ip-172-16-57-199.ec2.internal,clickhouse,chi-clickhouse-signoz-ch-cluster-0-0,StatefulSet,c6a.8xlarge,1
clickhouse,ip-172-16-58-70.ec2.internal,clickhouse,chi-clickhouse-signoz-ch-cluster-7-0,StatefulSet,c6a.8xlarge,1
events,ip-172-16-16-30.ec2.internal,events,otel-o11y-ob3-janus-events-opentelemetry-collector-57bb47c4d4,Deployment,r7g.2xlarge,3
events,ip-172-16-234-130.ec2.internal,events,otel-o11y-ob3-janus-events-opentelemetry-collector-57bb47c4d4,Deployment,r7g.2xlarge,2
events,ip-172-16-37-111.ec2.internal,events,otel-o11y-ob3-janus-events-opentelemetry-collector-57bb47c4d4,Deployment,r7g.2xlarge,2
events,ip-172-16-47-185.ec2.internal,events,otel-o11y-ob3-janus-events-opentelemetry-collector-57bb47c4d4,Deployment,r7g.2xlarge,3
external-dns,ip-172-16-60-164.ec2.internal,default,external-dns-5bc9cdc757,Deployment,m6g.xlarge,1
external-dns-public,ip-172-16-243-27.ec2.internal,default,external-dns-public-86666d7cc9,Deployment,a1.2xlarge,1
external-secrets,ip-172-16-46-166.ec2.internal,default,external-secrets-6c7bc6b994,Deployment,c6a.2xlarge,1
external-secrets,ip-172-16-54-132.ec2.internal,default,external-secrets-webhook-588c4648bb,Deployment,c6a.2xlarge,1
external-secrets,ip-172-16-60-164.ec2.internal,default,external-secrets-cert-controller-6f6cc49f86,Deployment,m6g.xlarge,1
grafana,ip-172-16-241-199.ec2.internal,default,grafana-vtex-image-renderer-57647c586,Deployment,c6a.xlarge,1
grafana,ip-172-16-46-166.ec2.internal,default,grafana-vtex-674df7d7b,Deployment,c6a.2xlarge,1
grafana,ip-172-16-53-243.ec2.internal,default,grafana-vtex-674df7d7b,Deployment,c6a.2xlarge,1
grafana,ip-172-16-54-132.ec2.internal,default,grafana-vtex-674df7d7b,Deployment,c6a.2xlarge,1
istio-operator,ip-172-16-54-132.ec2.internal,default,istio-operator-5649c59868,Deployment,c6a.2xlarge,1
istio-system,ip-172-16-226-163.ec2.internal,default,istio-auth-ingressgateway-6b7dd5fc9,Deployment,c6a.xlarge,1
istio-system,ip-172-16-226-163.ec2.internal,default,istio-internal-gauth-ingressgateway-7649f89c94,Deployment,c6a.xlarge,1
istio-system,ip-172-16-226-163.ec2.internal,default,istio-internal-ingressgateway-5f9ffff58d,Deployment,c6a.xlarge,1
istio-system,ip-172-16-226-163.ec2.internal,default,istio-public-ingressgateway-566b986f8d,Deployment,c6a.xlarge,1
istio-system,ip-172-16-227-236.ec2.internal,default,istio-internal-gauth-ingressgateway-7649f89c94,Deployment,a1.xlarge,1
istio-system,ip-172-16-227-236.ec2.internal,default,istio-internal-ingressgateway-5f9ffff58d,Deployment,a1.xlarge,4
istio-system,ip-172-16-237-1.ec2.internal,default,istio-internal-ingressgateway-5f9ffff58d,Deployment,a1.xlarge,3
istio-system,ip-172-16-241-199.ec2.internal,default,istio-public-ingressgateway-566b986f8d,Deployment,c6a.xlarge,1
istio-system,ip-172-16-241-199.ec2.internal,default,istiod-6bb45f897b,Deployment,c6a.xlarge,1
istio-system,ip-172-16-243-27.ec2.internal,default,istio-auth-ingressgateway-6b7dd5fc9,Deployment,a1.2xlarge,1
istio-system,ip-172-16-243-27.ec2.internal,default,istio-internal-gauth-ingressgateway-7649f89c94,Deployment,a1.2xlarge,2
istio-system,ip-172-16-243-27.ec2.internal,default,istio-internal-ingressgateway-5f9ffff58d,Deployment,a1.2xlarge,5
istio-system,ip-172-16-243-27.ec2.internal,default,istio-public-ingressgateway-566b986f8d,Deployment,a1.2xlarge,1
istio-system,ip-172-16-243-27.ec2.internal,default,istio-public-pinkies-ingressgateway-8566b9c59d,Deployment,a1.2xlarge,4
istio-system,ip-172-16-245-249.ec2.internal,default,istio-auth-ingressgateway-6b7dd5fc9,Deployment,a1.xlarge,1
istio-system,ip-172-16-245-249.ec2.internal,default,istio-internal-gauth-ingressgateway-7649f89c94,Deployment,a1.xlarge,1
istio-system,ip-172-16-245-249.ec2.internal,default,istio-internal-ingressgateway-5f9ffff58d,Deployment,a1.xlarge,3
istio-system,ip-172-16-245-249.ec2.internal,default,istio-public-ingressgateway-566b986f8d,Deployment,a1.xlarge,1
istio-system,ip-172-16-245-249.ec2.internal,default,istio-public-pinkies-ingressgateway-8566b9c59d,Deployment,a1.xlarge,1
istio-system,ip-172-16-25-225.ec2.internal,default,istio-auth-ingressgateway-6b7dd5fc9,Deployment,c6a.xlarge,1
istio-system,ip-172-16-25-225.ec2.internal,default,istio-internal-ingressgateway-5f9ffff58d,Deployment,c6a.xlarge,2
istio-system,ip-172-16-42-62.ec2.internal,default,istio-auth-ingressgateway-6b7dd5fc9,Deployment,c6a.xlarge,2
istio-system,ip-172-16-42-62.ec2.internal,default,istio-internal-ingressgateway-5f9ffff58d,Deployment,c6a.xlarge,2
istio-system,ip-172-16-46-166.ec2.internal,default,istio-auth-ingressgateway-6b7dd5fc9,Deployment,c6a.2xlarge,1
istio-system,ip-172-16-46-166.ec2.internal,default,istio-internal-gauth-ingressgateway-7649f89c94,Deployment,c6a.2xlarge,2
istio-system,ip-172-16-46-166.ec2.internal,default,istio-internal-ingressgateway-5f9ffff58d,Deployment,c6a.2xlarge,2
istio-system,ip-172-16-46-166.ec2.internal,default,istio-public-ingressgateway-566b986f8d,Deployment,c6a.2xlarge,2
istio-system,ip-172-16-46-166.ec2.internal,default,istio-public-pinkies-ingressgateway-8566b9c59d,Deployment,c6a.2xlarge,1
istio-system,ip-172-16-53-243.ec2.internal,default,istio-internal-gauth-ingressgateway-7649f89c94,Deployment,c6a.2xlarge,1
istio-system,ip-172-16-53-243.ec2.internal,default,istio-internal-ingressgateway-5f9ffff58d,Deployment,c6a.2xlarge,2
istio-system,ip-172-16-53-243.ec2.internal,default,istio-public-ingressgateway-566b986f8d,Deployment,c6a.2xlarge,1
istio-system,ip-172-16-53-243.ec2.internal,default,istio-public-pinkies-ingressgateway-8566b9c59d,Deployment,c6a.2xlarge,1
istio-system,ip-172-16-54-132.ec2.internal,default,istio-auth-ingressgateway-6b7dd5fc9,Deployment,c6a.2xlarge,2
istio-system,ip-172-16-54-132.ec2.internal,default,istio-internal-gauth-ingressgateway-7649f89c94,Deployment,c6a.2xlarge,1
istio-system,ip-172-16-54-132.ec2.internal,default,istio-internal-ingressgateway-5f9ffff58d,Deployment,c6a.2xlarge,2
istio-system,ip-172-16-54-132.ec2.internal,default,istio-public-ingressgateway-566b986f8d,Deployment,c6a.2xlarge,2
istio-system,ip-172-16-54-132.ec2.internal,default,istio-public-pinkies-ingressgateway-8566b9c59d,Deployment,c6a.2xlarge,2
istio-system,ip-172-16-60-164.ec2.internal,default,istio-auth-ingressgateway-6b7dd5fc9,Deployment,m6g.xlarge,1
istio-system,ip-172-16-60-164.ec2.internal,default,istio-internal-gauth-ingressgateway-7649f89c94,Deployment,m6g.xlarge,1
istio-system,ip-172-16-60-164.ec2.internal,default,istio-internal-ingressgateway-5f9ffff58d,Deployment,m6g.xlarge,2
istio-system,ip-172-16-60-164.ec2.internal,default,istio-public-ingressgateway-566b986f8d,Deployment,m6g.xlarge,1
istio-system,ip-172-16-60-164.ec2.internal,default,istio-public-pinkies-ingressgateway-8566b9c59d,Deployment,m6g.xlarge,1
istio-system,ip-172-16-60-164.ec2.internal,default,istiod-6bb45f897b,Deployment,m6g.xlarge,1
kube-system,ip-172-16-191-226.ec2.internal,default,coredns-57d4d7549d,Deployment,t3.medium,1
kube-system,ip-172-16-196-60.ec2.internal,default,coredns-57d4d7549d,Deployment,t3.medium,1
kube-system,ip-172-16-219-140.ec2.internal,default,coredns-57d4d7549d,Deployment,t3.medium,1
kube-system,ip-172-16-223-182.ec2.internal,default,ebs-csi-controller-7887658d9b,Deployment,t3.medium,1
kube-system,ip-172-16-234-161.ec2.internal,default,ebs-csi-controller-7887658d9b,Deployment,t3.medium,1
kube-system,ip-172-16-235-163.ec2.internal,default,coredns-57d4d7549d,Deployment,t3.medium,1
kube-system,ip-172-16-31-45.ec2.internal,default,coredns-57d4d7549d,Deployment,t3.medium,2
kube-system,ip-172-16-53-243.ec2.internal,default,metrics-server-6b6f859bfb,Deployment,c6a.2xlarge,1
logs,ip-172-16-21-242.ec2.internal,logs,otel-o11y-ob3-logs-developer-opentelemetry-collector-8bb7bdb8d,Deployment,r7g.2xlarge,1
logs,ip-172-16-21-242.ec2.internal,logs,otel-o11y-ob3-logs-opentelemetry-collector-556cccd4f8,Deployment,r7g.2xlarge,1
logs,ip-172-16-21-242.ec2.internal,logs,otel-o11y-ob3-logs-tech-infra-opentelemetry-collector-789f6df7c6,Deployment,r7g.2xlarge,1
logs,ip-172-16-214-219.ec2.internal,logs,otel-o11y-ob3-logs-o11y-platform-opentelemetry-collector-779569b49f,Deployment,r7g.2xlarge,1
logs,ip-172-16-214-219.ec2.internal,logs,otel-o11y-ob3-logs-opentelemetry-collector-556cccd4f8,Deployment,r7g.2xlarge,1
logs,ip-172-16-224-65.ec2.internal,logs,otel-o11y-ob3-logs-beta-opentelemetry-collector-844d7d769c,Deployment,r7g.2xlarge,1
logs,ip-172-16-224-65.ec2.internal,logs,otel-o11y-ob3-logs-developer-opentelemetry-collector-8bb7bdb8d,Deployment,r7g.2xlarge,2
logs,ip-172-16-235-24.ec2.internal,logs,otel-o11y-ob3-logs-developer-opentelemetry-collector-8bb7bdb8d,Deployment,r7g.2xlarge,2
logs,ip-172-16-235-24.ec2.internal,logs,otel-o11y-ob3-logs-opentelemetry-collector-556cccd4f8,Deployment,r7g.2xlarge,1
logs,ip-172-16-235-53.ec2.internal,logs,otel-o11y-ob3-logs-o11y-platform-opentelemetry-collector-779569b49f,Deployment,r7g.2xlarge,1
logs,ip-172-16-235-53.ec2.internal,logs,otel-o11y-ob3-logs-tech-infra-opentelemetry-collector-789f6df7c6,Deployment,r7g.2xlarge,1
logs,ip-172-16-245-48.ec2.internal,logs,otel-o11y-ob3-logs-developer-opentelemetry-collector-8bb7bdb8d,Deployment,r7g.2xlarge,1
logs,ip-172-16-245-48.ec2.internal,logs,otel-o11y-ob3-logs-opentelemetry-collector-556cccd4f8,Deployment,r7g.2xlarge,1
logs,ip-172-16-245-48.ec2.internal,logs,redis-o11y-ob3-stable-master-6bd68c498,Deployment,r7g.2xlarge,1
logs,ip-172-16-251-89.ec2.internal,logs,otel-o11y-ob3-logs-opentelemetry-collector-556cccd4f8,Deployment,r7g.2xlarge,2
logs,ip-172-16-28-19.ec2.internal,logs,otel-o11y-ob3-logs-developer-opentelemetry-collector-8bb7bdb8d,Deployment,r7g.2xlarge,2
logs,ip-172-16-28-19.ec2.internal,logs,otel-o11y-ob3-logs-opentelemetry-collector-556cccd4f8,Deployment,r7g.2xlarge,1
logs,ip-172-16-41-87.ec2.internal,logs,otel-o11y-ob3-logs-opentelemetry-collector-556cccd4f8,Deployment,r7g.2xlarge,2
logs,ip-172-16-46-9.ec2.internal,logs,otel-o11y-ob3-logs-beta-opentelemetry-collector-844d7d769c,Deployment,r7g.2xlarge,1
logs,ip-172-16-46-9.ec2.internal,logs,otel-o11y-ob3-logs-tech-infra-opentelemetry-collector-789f6df7c6,Deployment,r7g.2xlarge,1
logs,ip-172-16-54-253.ec2.internal,logs,otel-o11y-ob3-logs-developer-opentelemetry-collector-8bb7bdb8d,Deployment,r7g.2xlarge,2
logs,ip-172-16-54-253.ec2.internal,logs,otel-o11y-ob3-logs-opentelemetry-collector-556cccd4f8,Deployment,r7g.2xlarge,1
metrics,ip-172-16-212-140.ec2.internal,metrics,otel-o11y-ob3-business-metrics-opentelemetry-collector-584689cd5f,Deployment,c7g.2xlarge,1
metrics,ip-172-16-212-140.ec2.internal,metrics,otel-o11y-ob3-system-metrics-developer-journey-opentelemetry-co-786846bd75,Deployment,c7g.2xlarge,1
metrics,ip-172-16-212-140.ec2.internal,metrics,otel-o11y-system-metrics-janus-delta-acm-opentelemetry-collecto-7dbd4d7976,Deployment,c7g.2xlarge,1
metrics,ip-172-16-214-165.ec2.internal,metrics,otel-o11y-ob3-business-metrics-opentelemetry-collector-584689cd5f,Deployment,c7g.2xlarge,1
metrics,ip-172-16-214-165.ec2.internal,metrics,otel-o11y-ob3-system-metrics-developer-journey-opentelemetry-co-786846bd75,Deployment,c7g.2xlarge,1
metrics,ip-172-16-214-165.ec2.internal,metrics,otel-o11y-ob3-system-metrics-janus-opentelemetry-collector-7854cd787,Deployment,c7g.2xlarge,1
metrics,ip-172-16-214-165.ec2.internal,metrics,otel-o11y-ob3-system-metrics-merchant-journey-opentelemetry-col-7d5b948747,Deployment,c7g.2xlarge,1
metrics,ip-172-16-214-165.ec2.internal,metrics,otel-o11y-ob3-system-metrics-shopper-journey-opentelemetry-coll-5548f5c754,Deployment,c7g.2xlarge,1
metrics,ip-172-16-214-53.ec2.internal,metrics,otel-o11y-ob3-business-metrics-opentelemetry-collector-584689cd5f,Deployment,c7g.4xlarge,1
metrics,ip-172-16-214-53.ec2.internal,metrics,otel-o11y-ob3-system-metrics-developer-journey-opentelemetry-co-786846bd75,Deployment,c7g.4xlarge,1
metrics,ip-172-16-214-53.ec2.internal,metrics,otel-o11y-ob3-system-metrics-janus-opentelemetry-collector-7854cd787,Deployment,c7g.4xlarge,1
metrics,ip-172-16-214-53.ec2.internal,metrics,otel-o11y-ob3-system-metrics-merchant-journey-opentelemetry-col-7d5b948747,Deployment,c7g.4xlarge,1
metrics,ip-172-16-214-53.ec2.internal,metrics,otel-o11y-system-metrics-janus-delta-acm-opentelemetry-collecto-7dbd4d7976,Deployment,c7g.4xlarge,2
metrics,ip-172-16-216-48.ec2.internal,metrics,otel-o11y-system-metrics-janus-balancer-delta-acm-opentelemetry-78c5dcd5b8,Deployment,r7g.2xlarge,1
metrics,ip-172-16-216-83.ec2.internal,metrics,otel-o11y-ob3-system-metrics-default-opentelemetry-collector-75b6d779d,Deployment,c7g.2xlarge,1
metrics,ip-172-16-216-83.ec2.internal,metrics,otel-o11y-ob3-system-metrics-janus-opentelemetry-collector-7854cd787,Deployment,c7g.2xlarge,1
metrics,ip-172-16-216-83.ec2.internal,metrics,otel-o11y-ob3-system-metrics-shopper-journey-opentelemetry-coll-5548f5c754,Deployment,c7g.2xlarge,1
metrics,ip-172-16-216-83.ec2.internal,metrics,otel-o11y-system-metrics-janus-delta-acm-opentelemetry-collecto-7dbd4d7976,Deployment,c7g.2xlarge,1
metrics,ip-172-16-224-251.ec2.internal,metrics,otel-o11y-ob3-business-metrics-opentelemetry-collector-584689cd5f,Deployment,m7g.2xlarge,1
metrics,ip-172-16-224-251.ec2.internal,metrics,otel-o11y-ob3-system-metrics-default-opentelemetry-collector-75b6d779d,Deployment,m7g.2xlarge,1
metrics,ip-172-16-224-251.ec2.internal,metrics,otel-o11y-ob3-system-metrics-merchant-journey-opentelemetry-col-7d5b948747,Deployment,m7g.2xlarge,2
metrics,ip-172-16-224-251.ec2.internal,metrics,otel-o11y-ob3-system-metrics-shopper-journey-opentelemetry-coll-5548f5c754,Deployment,m7g.2xlarge,1
metrics,ip-172-16-228-19.ec2.internal,metrics,otel-o11y-system-metrics-janus-balancer-delta-acm-opentelemetry-78c5dcd5b8,Deployment,r7g.2xlarge,1
metrics,ip-172-16-229-4.ec2.internal,metrics,otel-o11y-ob3-business-metrics-opentelemetry-collector-584689cd5f,Deployment,c7g.2xlarge,1
metrics,ip-172-16-229-4.ec2.internal,metrics,otel-o11y-ob3-system-metrics-developer-journey-opentelemetry-co-786846bd75,Deployment,c7g.2xlarge,1
metrics,ip-172-16-229-4.ec2.internal,metrics,otel-o11y-ob3-system-metrics-janus-opentelemetry-collector-7854cd787,Deployment,c7g.2xlarge,1
metrics,ip-172-16-229-4.ec2.internal,metrics,otel-o11y-ob3-system-metrics-merchant-journey-opentelemetry-col-7d5b948747,Deployment,c7g.2xlarge,1
metrics,ip-172-16-229-4.ec2.internal,metrics,otel-o11y-ob3-system-metrics-shopper-journey-opentelemetry-coll-5548f5c754,Deployment,c7g.2xlarge,1
metrics,ip-172-16-231-178.ec2.internal,metrics,otel-o11y-ob3-system-metrics-janus-opentelemetry-collector-7854cd787,Deployment,c7g.2xlarge,1
metrics,ip-172-16-231-178.ec2.internal,metrics,otel-o11y-ob3-system-metrics-shopper-journey-opentelemetry-coll-5548f5c754,Deployment,c7g.2xlarge,1
metrics,ip-172-16-231-178.ec2.internal,metrics,otel-o11y-system-metrics-janus-delta-acm-opentelemetry-collecto-7dbd4d7976,Deployment,c7g.2xlarge,1
metrics,ip-172-16-238-51.ec2.internal,metrics,otel-o11y-ob3-business-metrics-opentelemetry-collector-584689cd5f,Deployment,c7g.2xlarge,1
metrics,ip-172-16-238-51.ec2.internal,metrics,otel-o11y-ob3-system-metrics-developer-journey-opentelemetry-co-786846bd75,Deployment,c7g.2xlarge,1
metrics,ip-172-16-238-51.ec2.internal,metrics,otel-o11y-system-metrics-janus-delta-acm-opentelemetry-collecto-7dbd4d7976,Deployment,c7g.2xlarge,1
metrics,ip-172-16-239-142.ec2.internal,metrics,otel-o11y-ob3-system-metrics-janus-opentelemetry-collector-7854cd787,Deployment,c7g.2xlarge,1
metrics,ip-172-16-239-142.ec2.internal,metrics,otel-o11y-ob3-system-metrics-shopper-journey-opentelemetry-coll-5548f5c754,Deployment,c7g.2xlarge,1
metrics,ip-172-16-239-142.ec2.internal,metrics,otel-o11y-ob3-system-metrics-tech-infra-opentelemetry-collector-57d845fbbc,Deployment,c7g.2xlarge,1
metrics,ip-172-16-239-142.ec2.internal,metrics,otel-o11y-system-metrics-janus-delta-acm-opentelemetry-collecto-7dbd4d7976,Deployment,c7g.2xlarge,1
metrics,ip-172-16-240-221.ec2.internal,metrics,otel-o11y-ob3-system-metrics-developer-journey-opentelemetry-co-786846bd75,Deployment,c7g.2xlarge,1
metrics,ip-172-16-240-221.ec2.internal,metrics,otel-o11y-ob3-system-metrics-janus-opentelemetry-collector-7854cd787,Deployment,c7g.2xlarge,1
metrics,ip-172-16-240-221.ec2.internal,metrics,otel-o11y-system-metrics-janus-delta-acm-opentelemetry-collecto-7dbd4d7976,Deployment,c7g.2xlarge,1
metrics,ip-172-16-244-37.ec2.internal,metrics,otel-o11y-ob3-business-metrics-opentelemetry-collector-584689cd5f,Deployment,c7g.2xlarge,1
metrics,ip-172-16-244-37.ec2.internal,metrics,otel-o11y-ob3-system-metrics-shopper-journey-opentelemetry-coll-5548f5c754,Deployment,c7g.2xlarge,1
metrics,ip-172-16-244-37.ec2.internal,metrics,otel-o11y-ob3-system-metrics-tech-infra-opentelemetry-collector-57d845fbbc,Deployment,c7g.2xlarge,1
metrics,ip-172-16-244-37.ec2.internal,metrics,otel-o11y-system-metrics-janus-delta-acm-opentelemetry-collecto-7dbd4d7976,Deployment,c7g.2xlarge,1
metrics,ip-172-16-248-196.ec2.internal,metrics,otel-o11y-ob3-business-metrics-opentelemetry-collector-584689cd5f,Deployment,c7g.2xlarge,1
metrics,ip-172-16-248-196.ec2.internal,metrics,otel-o11y-ob3-system-metrics-developer-journey-opentelemetry-co-786846bd75,Deployment,c7g.2xlarge,1
metrics,ip-172-16-248-196.ec2.internal,metrics,otel-o11y-ob3-system-metrics-janus-opentelemetry-collector-7854cd787,Deployment,c7g.2xlarge,1
metrics,ip-172-16-248-196.ec2.internal,metrics,otel-o11y-ob3-system-metrics-merchant-journey-opentelemetry-col-7d5b948747,Deployment,c7g.2xlarge,1
metrics,ip-172-16-248-196.ec2.internal,metrics,otel-o11y-ob3-system-metrics-shopper-journey-opentelemetry-coll-5548f5c754,Deployment,c7g.2xlarge,1
metrics,ip-172-16-249-185.ec2.internal,metrics,otel-o11y-ob3-system-metrics-developer-journey-opentelemetry-co-786846bd75,Deployment,c7g.2xlarge,1
metrics,ip-172-16-249-185.ec2.internal,metrics,otel-o11y-ob3-system-metrics-shopper-journey-opentelemetry-coll-5548f5c754,Deployment,c7g.2xlarge,1
metrics,ip-172-16-249-185.ec2.internal,metrics,otel-o11y-system-metrics-janus-delta-acm-opentelemetry-collecto-7dbd4d7976,Deployment,c7g.2xlarge,1
metrics,ip-172-16-249-197.ec2.internal,metrics,otel-o11y-system-metrics-janus-balancer-delta-acm-opentelemetry-78c5dcd5b8,Deployment,r7g.2xlarge,1
metrics,ip-172-16-252-24.ec2.internal,metrics,otel-o11y-system-metrics-janus-balancer-delta-acm-opentelemetry-78c5dcd5b8,Deployment,r7g.2xlarge,1
metrics,ip-172-16-255-16.ec2.internal,metrics,otel-o11y-ob3-business-metrics-opentelemetry-collector-584689cd5f,Deployment,c7g.2xlarge,1
metrics,ip-172-16-255-16.ec2.internal,metrics,otel-o11y-ob3-system-metrics-default-opentelemetry-collector-75b6d779d,Deployment,c7g.2xlarge,1
metrics,ip-172-16-255-16.ec2.internal,metrics,otel-o11y-ob3-system-metrics-developer-journey-opentelemetry-co-786846bd75,Deployment,c7g.2xlarge,1
metrics,ip-172-16-255-16.ec2.internal,metrics,otel-o11y-ob3-system-metrics-janus-opentelemetry-collector-7854cd787,Deployment,c7g.2xlarge,1
metrics,ip-172-16-255-16.ec2.internal,metrics,otel-o11y-ob3-system-metrics-merchant-journey-opentelemetry-col-7d5b948747,Deployment,c7g.2xlarge,1
metrics,ip-172-16-255-16.ec2.internal,metrics,otel-o11y-ob3-system-metrics-o11y-platform-opentelemetry-collec-bb4b97755,Deployment,c7g.2xlarge,1
metrics,ip-172-16-28-104.ec2.internal,metrics,otel-o11y-ob3-system-metrics-developer-journey-opentelemetry-co-786846bd75,Deployment,c7g.2xlarge,1
metrics,ip-172-16-28-104.ec2.internal,metrics,otel-o11y-ob3-system-metrics-janus-opentelemetry-collector-7854cd787,Deployment,c7g.2xlarge,1
metrics,ip-172-16-28-104.ec2.internal,metrics,otel-o11y-ob3-system-metrics-merchant-journey-opentelemetry-col-7d5b948747,Deployment,c7g.2xlarge,1
metrics,ip-172-16-28-104.ec2.internal,metrics,otel-o11y-ob3-system-metrics-shopper-journey-opentelemetry-coll-5548f5c754,Deployment,c7g.2xlarge,1
metrics,ip-172-16-28-104.ec2.internal,metrics,otel-o11y-ob3-system-metrics-tech-infra-opentelemetry-collector-57d845fbbc,Deployment,c7g.2xlarge,1
metrics,ip-172-16-32-118.ec2.internal,metrics,otel-o11y-system-metrics-janus-balancer-delta-acm-opentelemetry-78c5dcd5b8,Deployment,r7g.2xlarge,1
metrics,ip-172-16-33-88.ec2.internal,metrics,otel-o11y-ob3-system-metrics-shopper-journey-opentelemetry-coll-5548f5c754,Deployment,c7g.4xlarge,1
metrics,ip-172-16-33-88.ec2.internal,metrics,otel-o11y-ob3-system-metrics-tech-infra-beta-opentelemetry-coll-69956d477f,Deployment,c7g.4xlarge,1
metrics,ip-172-16-33-88.ec2.internal,metrics,otel-o11y-system-metrics-janus-delta-acm-opentelemetry-collecto-7dbd4d7976,Deployment,c7g.4xlarge,3
metrics,ip-172-16-35-71.ec2.internal,metrics,otel-o11y-ob3-business-metrics-opentelemetry-collector-584689cd5f,Deployment,c7g.4xlarge,1
metrics,ip-172-16-35-71.ec2.internal,metrics,otel-o11y-ob3-system-metrics-developer-journey-opentelemetry-co-786846bd75,Deployment,c7g.4xlarge,1
metrics,ip-172-16-35-71.ec2.internal,metrics,otel-o11y-system-metrics-janus-delta-acm-opentelemetry-collecto-7dbd4d7976,Deployment,c7g.4xlarge,3
metrics,ip-172-16-37-2.ec2.internal,metrics,otel-o11y-ob3-business-metrics-opentelemetry-collector-584689cd5f,Deployment,c7g.2xlarge,1
metrics,ip-172-16-37-2.ec2.internal,metrics,otel-o11y-ob3-system-metrics-developer-journey-opentelemetry-co-786846bd75,Deployment,c7g.2xlarge,2
metrics,ip-172-16-37-2.ec2.internal,metrics,otel-o11y-ob3-system-metrics-janus-opentelemetry-collector-7854cd787,Deployment,c7g.2xlarge,1
metrics,ip-172-16-37-2.ec2.internal,metrics,otel-o11y-ob3-system-metrics-merchant-journey-opentelemetry-col-7d5b948747,Deployment,c7g.2xlarge,1
metrics,ip-172-16-47-198.ec2.internal,metrics,otel-o11y-ob3-system-metrics-developer-journey-opentelemetry-co-786846bd75,Deployment,c7g.2xlarge,1
metrics,ip-172-16-47-198.ec2.internal,metrics,otel-o11y-ob3-system-metrics-janus-opentelemetry-collector-7854cd787,Deployment,c7g.2xlarge,1
metrics,ip-172-16-47-198.ec2.internal,metrics,otel-o11y-system-metrics-janus-delta-acm-opentelemetry-collecto-7dbd4d7976,Deployment,c7g.2xlarge,1
metrics,ip-172-16-49-117.ec2.internal,metrics,otel-o11y-ob3-business-metrics-opentelemetry-collector-584689cd5f,Deployment,c7g.2xlarge,1
metrics,ip-172-16-49-117.ec2.internal,metrics,otel-o11y-ob3-system-metrics-shopper-journey-opentelemetry-coll-5548f5c754,Deployment,c7g.2xlarge,1
metrics,ip-172-16-49-117.ec2.internal,metrics,otel-o11y-system-metrics-janus-delta-acm-opentelemetry-collecto-7dbd4d7976,Deployment,c7g.2xlarge,1
metrics,ip-172-16-53-151.ec2.internal,metrics,otel-o11y-ob3-system-metrics-shopper-journey-opentelemetry-coll-5548f5c754,Deployment,c7g.2xlarge,1
metrics,ip-172-16-53-151.ec2.internal,metrics,otel-o11y-ob3-system-metrics-tech-infra-opentelemetry-collector-57d845fbbc,Deployment,c7g.2xlarge,1
metrics,ip-172-16-53-151.ec2.internal,metrics,otel-o11y-system-metrics-janus-delta-acm-opentelemetry-collecto-7dbd4d7976,Deployment,c7g.2xlarge,1
metrics,ip-172-16-56-111.ec2.internal,metrics,otel-o11y-ob3-business-metrics-opentelemetry-collector-584689cd5f,Deployment,c7g.2xlarge,1
metrics,ip-172-16-56-111.ec2.internal,metrics,otel-o11y-ob3-system-metrics-shopper-journey-opentelemetry-coll-5548f5c754,Deployment,c7g.2xlarge,1
metrics,ip-172-16-56-111.ec2.internal,metrics,otel-o11y-system-metrics-janus-delta-acm-opentelemetry-collecto-7dbd4d7976,Deployment,c7g.2xlarge,1
metrics,ip-172-16-59-191.ec2.internal,metrics,otel-o11y-ob3-business-metrics-opentelemetry-collector-584689cd5f,Deployment,c7g.2xlarge,1
metrics,ip-172-16-59-191.ec2.internal,metrics,otel-o11y-ob3-system-metrics-developer-journey-opentelemetry-co-786846bd75,Deployment,c7g.2xlarge,1
metrics,ip-172-16-59-191.ec2.internal,metrics,otel-o11y-ob3-system-metrics-merchant-journey-opentelemetry-col-7d5b948747,Deployment,c7g.2xlarge,1
metrics,ip-172-16-59-191.ec2.internal,metrics,otel-o11y-ob3-system-metrics-shopper-journey-opentelemetry-coll-5548f5c754,Deployment,c7g.2xlarge,1
metrics,ip-172-16-59-191.ec2.internal,metrics,otel-o11y-ob3-system-metrics-tech-infra-opentelemetry-collector-57d845fbbc,Deployment,c7g.2xlarge,1
monitoring-prometheus,ip-172-16-21-161.ec2.internal,prometheus,prometheus-o11y-ob3-eks-o11y-ec2-b2b-server,StatefulSet,r6g.4xlarge,1
monitoring-prometheus,ip-172-16-21-161.ec2.internal,prometheus,prometheus-o11y-ob3-eks-o11y-ec2-checkout-server,StatefulSet,r6g.4xlarge,1
monitoring-prometheus,ip-172-16-21-161.ec2.internal,prometheus,prometheus-o11y-ob3-eks-o11y-ec2-marketplace-server,StatefulSet,r6g.4xlarge,1
monitoring-prometheus,ip-172-16-21-161.ec2.internal,prometheus,prometheus-o11y-ob3-eks-o11y-ec2-orders-server,StatefulSet,r6g.4xlarge,1
monitoring-prometheus,ip-172-16-21-161.ec2.internal,prometheus,prometheus-o11y-ob3-eks-o11y-ec2-ori-server,StatefulSet,r6g.4xlarge,1
monitoring-prometheus,ip-172-16-21-161.ec2.internal,prometheus,prometheus-o11y-ob3-eks-o11y-ec2-pricing-server,StatefulSet,r6g.4xlarge,1
monitoring-prometheus,ip-172-16-21-161.ec2.internal,prometheus,prometheus-o11y-ob3-eks-o11y-ec2-smartlink-server,StatefulSet,r6g.4xlarge,1
monitoring-prometheus,ip-172-16-21-161.ec2.internal,prometheus,prometheus-o11y-ob3-eks-o11y-ec2-solr-server,StatefulSet,r6g.4xlarge,1
monitoring-prometheus,ip-172-16-213-252.ec2.internal,prometheus,prometheus-o11y-ob3-eks-o11y-ec2-catalog-server,StatefulSet,r6g.2xlarge,1
monitoring-prometheus,ip-172-16-213-252.ec2.internal,prometheus,prometheus-o11y-ob3-eks-o11y-ec2-integrations-server,StatefulSet,r6g.2xlarge,1
monitoring-prometheus,ip-172-16-213-252.ec2.internal,prometheus,prometheus-o11y-ob3-eks-o11y-ec2-offer-status-server,StatefulSet,r6g.2xlarge,1
monitoring-prometheus,ip-172-16-213-252.ec2.internal,prometheus,prometheus-o11y-ob3-eks-o11y-ec2-storage-server,StatefulSet,r6g.2xlarge,1
monitoring-prometheus,ip-172-16-213-252.ec2.internal,prometheus,prometheus-o11y-ob3-eks-o11y-ec2-traffic-server,StatefulSet,r6g.2xlarge,1
monitoring-prometheus,ip-172-16-238-42.ec2.internal,prometheus,prometheus-o11y-ob3-eks-o11y-ec2-billing-server,StatefulSet,r6g.2xlarge,1
monitoring-prometheus,ip-172-16-238-42.ec2.internal,prometheus,prometheus-o11y-ob3-eks-o11y-ec2-identity-server,StatefulSet,r6g.2xlarge,1
monitoring-prometheus,ip-172-16-238-42.ec2.internal,prometheus,prometheus-o11y-ob3-eks-o11y-ec2-payments-server,StatefulSet,r6g.2xlarge,1
monitoring-prometheus,ip-172-16-39-114.ec2.internal,prometheus,prometheus-o11y-ob3-eks-o11y-ec2-connections-server,StatefulSet,r6g.4xlarge,1
monitoring-prometheus,ip-172-16-39-114.ec2.internal,prometheus,prometheus-o11y-ob3-eks-o11y-ec2-logistics-server,StatefulSet,r6g.4xlarge,1
monitoring-prometheus,ip-172-16-39-114.ec2.internal,prometheus,prometheus-o11y-ob3-eks-o11y-ec2-sp-server,StatefulSet,r6g.4xlarge,1
monitoring-prometheus,ip-172-16-39-114.ec2.internal,prometheus,prometheus-o11y-ob3-prd-ti-o11y-eks-use1-ob3-server,StatefulSet,r6g.4xlarge,1
o11y-platform,ip-172-16-227-236.ec2.internal,default,o11y-platform-read-api-stable-d4488d4b7,Deployment,a1.xlarge,2
o11y-platform,ip-172-16-243-27.ec2.internal,default,o11y-platform-read-api-stable-d4488d4b7,Deployment,a1.2xlarge,1
o11y-platform,ip-172-16-245-249.ec2.internal,default,o11y-platform-read-api-stable-d4488d4b7,Deployment,a1.xlarge,1
o11y-platform,ip-172-16-60-164.ec2.internal,default,o11y-platform-read-api-stable-d4488d4b7,Deployment,m6g.xlarge,1
oauth2-proxy,ip-172-16-25-225.ec2.internal,default,oauth2-proxy-vtex-com-7b9558c9d7,Deployment,c6a.xlarge,1
oauth2-proxy,ip-172-16-25-225.ec2.internal,default,oauth2-proxy-vtex-systems-55dd4ccb5,Deployment,c6a.xlarge,1
oauth2-proxy,ip-172-16-42-62.ec2.internal,default,oauth2-proxy-vtex-systems-55dd4ccb5,Deployment,c6a.xlarge,1
oauth2-proxy,ip-172-16-46-166.ec2.internal,default,oauth2-proxy-vtex-com-7b9558c9d7,Deployment,c6a.2xlarge,1
prometheus-exporters,ip-172-16-213-252.ec2.internal,prometheus,ds-10-grouping-cluster2-588d74486d,Deployment,r6g.2xlarge,1
prometheus-exporters,ip-172-16-213-252.ec2.internal,prometheus,ds-10-grouping-cluster5-6d5894f589,Deployment,r6g.2xlarge,1
prometheus-exporters,ip-172-16-213-252.ec2.internal,prometheus,ds-10-grouping-cluster6-6755575475,Deployment,r6g.2xlarge,1
prometheus-exporters,ip-172-16-213-252.ec2.internal,prometheus,ds-10-logistics5-7c6f6dfcfc,Deployment,r6g.2xlarge,1
prometheus-exporters,ip-172-16-213-252.ec2.internal,prometheus,is-intelligent-search-v8-02-6c67f4d56d,Deployment,r6g.2xlarge,1
prometheus-exporters,ip-172-16-213-252.ec2.internal,prometheus,is-intelligent-search-v8-04-589cc5bc44,Deployment,r6g.2xlarge,1
prometheus-exporters,ip-172-16-213-252.ec2.internal,prometheus,is-intelligent-search-v8-staging-6646b7bbf8,Deployment,r6g.2xlarge,1
prometheus-exporters,ip-172-16-213-252.ec2.internal,prometheus,o11y-techinfra-logging-5c88c8554d,Deployment,r6g.2xlarge,1
prometheus-exporters,ip-172-16-238-42.ec2.internal,prometheus,ds-10-grouping-cluster1-5995f6565d,Deployment,r6g.2xlarge,1
prometheus-exporters,ip-172-16-238-42.ec2.internal,prometheus,ds-10-grouping-cluster3-79f6dd6469,Deployment,r6g.2xlarge,1
prometheus-exporters,ip-172-16-238-42.ec2.internal,prometheus,ds-10-grouping-cluster7-7cf47f87d,Deployment,r6g.2xlarge,1
prometheus-exporters,ip-172-16-238-42.ec2.internal,prometheus,is-intelligent-search-v8-06-799794ff56,Deployment,r6g.2xlarge,1
prometheus-exporters,ip-172-16-238-42.ec2.internal,prometheus,o11y-logging-64689f96bd,Deployment,r6g.2xlarge,1
prometheus-exporters,ip-172-16-39-114.ec2.internal,prometheus,ds-10-grouping-cluster4-5cf87bd4b5,Deployment,r6g.4xlarge,1
prometheus-exporters,ip-172-16-39-114.ec2.internal,prometheus,ds-10-grouping-cluster9-7475976bc6,Deployment,r6g.4xlarge,1
prometheus-exporters,ip-172-16-39-114.ec2.internal,prometheus,is-intelligent-search-v8-01-665fc8559d,Deployment,r6g.4xlarge,1
prometheus-exporters,ip-172-16-39-114.ec2.internal,prometheus,is-intelligent-search-v8-03-6f696cdb74,Deployment,r6g.4xlarge,1
prometheus-exporters,ip-172-16-39-114.ec2.internal,prometheus,is-intelligent-search-v8-05-66d9bdd8cd,Deployment,r6g.4xlarge,1
prometheus-exporters,ip-172-16-39-114.ec2.internal,prometheus,logistics-shipping-585bf6d467,Deployment,r6g.4xlarge,1
prometheus-exporters,ip-172-16-39-114.ec2.internal,prometheus,logistics-shipping-rates-03-568ddb4757,Deployment,r6g.4xlarge,1
prometheus-exporters,ip-172-16-39-114.ec2.internal,prometheus,logistics-shipping-rates-bd4474999,Deployment,r6g.4xlarge,1
prometheus-exporters,ip-172-16-39-114.ec2.internal,prometheus,o11y-developer-logging-7b9cb8c496,Deployment,r6g.4xlarge,1
pyroscope,ip-172-16-46-9.ec2.internal,logs,pyroscope-o11y-beta-569dc7475,Deployment,r7g.2xlarge,1
signoz,ip-172-16-213-58.ec2.internal,clickhouse,o11y-signoz-otel-collector-84cb8bb79c,Deployment,c6a.8xlarge,1
signoz,ip-172-16-218-152.ec2.internal,clickhouse,o11y-signoz-frontend-5454f5969,Deployment,c6a.8xlarge,1
signoz,ip-172-16-227-136.ec2.internal,clickhouse,o11y-signoz-query-service,StatefulSet,c6a.8xlarge,1
signoz,ip-172-16-229-178.ec2.internal,clickhouse,o11y-signoz-frontend-5454f5969,Deployment,c6a.8xlarge,1
signoz,ip-172-16-229-178.ec2.internal,clickhouse,o11y-signoz-otel-collector-84cb8bb79c,Deployment,c6a.8xlarge,1
signoz,ip-172-16-229-178.ec2.internal,clickhouse,o11y-signoz-otel-collector-metrics-fb6946bbc,Deployment,c6a.8xlarge,1
signoz,ip-172-16-24-120.ec2.internal,clickhouse,o11y-signoz-otel-collector-84cb8bb79c,Deployment,c6a.8xlarge,1
signoz,ip-172-16-247-131.ec2.internal,clickhouse,o11y-signoz-otel-collector-84cb8bb79c,Deployment,c6a.8xlarge,1
signoz,ip-172-16-251-243.ec2.internal,clickhouse,o11y-signoz-otel-collector-84cb8bb79c,Deployment,c6a.8xlarge,1
signoz,ip-172-16-253-135.ec2.internal,clickhouse,o11y-signoz-frontend-5454f5969,Deployment,c6a.8xlarge,1
signoz,ip-172-16-253-135.ec2.internal,clickhouse,o11y-signoz-otel-collector-84cb8bb79c,Deployment,c6a.8xlarge,1
signoz,ip-172-16-35-198.ec2.internal,clickhouse,o11y-signoz-otel-collector-84cb8bb79c,Deployment,c6a.8xlarge,1
signoz,ip-172-16-44-130.ec2.internal,clickhouse,o11y-signoz-otel-collector-84cb8bb79c,Deployment,c6a.8xlarge,1
signoz,ip-172-16-54-178.ec2.internal,clickhouse,o11y-signoz-otel-collector-84cb8bb79c,Deployment,c6a.8xlarge,1
signoz,ip-172-16-58-70.ec2.internal,clickhouse,o11y-signoz-otel-collector-84cb8bb79c,Deployment,c6a.8xlarge,1
slo-framework,ip-172-16-243-27.ec2.internal,default,slo-generator-7fbb97cb6c,Deployment,a1.2xlarge,3
slo-framework,ip-172-16-245-249.ec2.internal,default,slo-generator-7fbb97cb6c,Deployment,a1.xlarge,1
slo-framework,ip-172-16-46-166.ec2.internal,default,slo-generator-7fbb97cb6c,Deployment,c6a.2xlarge,2
slo-framework,ip-172-16-53-243.ec2.internal,default,slo-generator-7fbb97cb6c,Deployment,c6a.2xlarge,1
slo-framework,ip-172-16-54-132.ec2.internal,default,slo-generator-7fbb97cb6c,Deployment,c6a.2xlarge,2
slo-framework,ip-172-16-60-164.ec2.internal,default,slo-generator-7fbb97cb6c,Deployment,m6g.xlarge,1
slos,ip-172-16-238-11.ec2.internal,slos,1567c20d9d95a7ecbb35d50edf2dd6e9be799138fbbe0dd9d17-8478d6f75d,Deployment,c6g.xlarge,1
slos,ip-172-16-238-11.ec2.internal,slos,3c03ed7d2ab82194b72f04edd62dd8875188d0212b420407df2-6f5c68d996,Deployment,c6g.xlarge,1
slos,ip-172-16-238-11.ec2.internal,slos,40e7f0623062e11bd3fc88dcb8476d6896b6d3739f32b0deecd-7d9bdddc7,Deployment,c6g.xlarge,1
slos,ip-172-16-238-11.ec2.internal,slos,45238c8c1965936a497a1dc3595da1b40be8b30ddedddba80e4-7686c8b566,Deployment,c6g.xlarge,1
slos,ip-172-16-238-11.ec2.internal,slos,4e9227df2ffea27ad399527d1a4518e4251c0f14cfd61704f92-84ff54c864,Deployment,c6g.xlarge,1
slos,ip-172-16-238-11.ec2.internal,slos,563bce016040df72046c50d3e948aff4df6216e37010ae6c2da-8656fbb9ff,Deployment,c6g.xlarge,1
slos,ip-172-16-238-11.ec2.internal,slos,5f587617c6c90f948b4ad14407aaf14f6bd8653b8abaf83fe0c-7497464554,Deployment,c6g.xlarge,1
slos,ip-172-16-238-11.ec2.internal,slos,631ff750ba5ee32a9a0ef93b4cc52e5f3d3c5395764808dfb41-696b5d8ff6,Deployment,c6g.xlarge,1
slos,ip-172-16-238-11.ec2.internal,slos,6d7fdfc706c401c95e5cb9dc4a8f0cceb525c39e32639fcedc9-7544dd5c8b,Deployment,c6g.xlarge,1
slos,ip-172-16-238-11.ec2.internal,slos,723e660cfe84056e354e07e56b409c176fd63cfb5958fd9e4b0-75dfb77c,Deployment,c6g.xlarge,1
slos,ip-172-16-238-11.ec2.internal,slos,739db8a11aa1d4c4d34784c248e56b5d6c8e1788022b48e15ce-57f78cd6bc,Deployment,c6g.xlarge,1
slos,ip-172-16-238-11.ec2.internal,slos,781cfbc66ac1ba73d9447e4073bbfbb825ae318d818edd3865c-6c8df9674f,Deployment,c6g.xlarge,1
slos,ip-172-16-238-11.ec2.internal,slos,8761d45bde6fddc1794e451dd67e83990fb4223f4d40cf458c7-6cdf65df76,Deployment,c6g.xlarge,1
slos,ip-172-16-238-11.ec2.internal,slos,87790d3a0053953ad41bbfdef744a5d049036debf39a2af22a0-bcc5b98b7,Deployment,c6g.xlarge,1
slos,ip-172-16-238-11.ec2.internal,slos,87f7099f6df6e7b081e99ff6dea2e4c532a207bc36dcc04a9b8-9bd9f7bfd,Deployment,c6g.xlarge,1
slos,ip-172-16-238-11.ec2.internal,slos,991fee3cdd3ba09bed8390828d782a47bf802aa12d12731be18-b9844f679,Deployment,c6g.xlarge,1
slos,ip-172-16-238-11.ec2.internal,slos,9db14fb5be9f0ec1fc00c9c1d4a00c15c7192375b79ec90ec8d-678cc65c85,Deployment,c6g.xlarge,1
slos,ip-172-16-238-11.ec2.internal,slos,9f5a3ab1bfd69cc763ef681ad4be111dbe91a3eb08d1959db9a-5c6c96bc4d,Deployment,c6g.xlarge,1
slos,ip-172-16-238-11.ec2.internal,slos,a3d4a2834aa9c0643991ceccd1925f0dd5ff76ea31e420573b4-67b779d968,Deployment,c6g.xlarge,1
slos,ip-172-16-238-11.ec2.internal,slos,aa3164470c0c8ee1204fdda7cfb0cd63075cf8775b8a084b9ff-7947bbbcc6,Deployment,c6g.xlarge,1
slos,ip-172-16-238-11.ec2.internal,slos,b7e9835e8230d8ee84f2bc11967f383eec1ef3864ec750dabcc-6cbbd44cc9,Deployment,c6g.xlarge,1
slos,ip-172-16-238-11.ec2.internal,slos,ba692942ed6b2fe237acea4a8e2a446423f71c2de95545deb09-55d7dfdddc,Deployment,c6g.xlarge,1
slos,ip-172-16-238-11.ec2.internal,slos,cc497f77b0882b08d57096ba4028fbc351f31bd4fac6fb9cf8f-7f8f8fb6c8,Deployment,c6g.xlarge,1
slos,ip-172-16-238-11.ec2.internal,slos,cc975001ea0514734dfa0ed35a6e2ba3432d968d1e55e49578b-77d8fcd6fc,Deployment,c6g.xlarge,1
slos,ip-172-16-238-11.ec2.internal,slos,da417ab1390a11739dcf41c430a70ae695885c20aed318a28b9-6577f689b8,Deployment,c6g.xlarge,1
slos,ip-172-16-238-11.ec2.internal,slos,fb2d3188e2a27a765b4ca4a3393158208f5f8d968db54eaa7ff-79d646b46c,Deployment,c6g.xlarge,1
sre-octopus,ip-172-16-243-27.ec2.internal,default,sre-octopus-6c87d76fd5,Deployment,a1.2xlarge,1
sre-octopus,ip-172-16-53-243.ec2.internal,default,sre-octopus-6c87d76fd5,Deployment,c6a.2xlarge,1
traces,ip-172-16-216-66.ec2.internal,traces,otel-o11y-ob3-traces-balancer-opentelemetry-collector-84cd6cc85,Deployment,c6gn.4xlarge,1
traces,ip-172-16-216-66.ec2.internal,traces,otel-o11y-ob3-traces-opentelemetry-collector-f694f99f8,Deployment,c6gn.4xlarge,2
traces,ip-172-16-220-7.ec2.internal,traces,otel-o11y-ob3-traces-balancer-beta-opentelemetry-collector-7f767bbfb4,Deployment,c6gn.4xlarge,1
traces,ip-172-16-220-7.ec2.internal,traces,otel-o11y-ob3-traces-balancer-opentelemetry-collector-84cd6cc85,Deployment,c6gn.4xlarge,1
traces,ip-172-16-220-7.ec2.internal,traces,otel-o11y-ob3-traces-opentelemetry-collector-f694f99f8,Deployment,c6gn.4xlarge,2
traces,ip-172-16-23-185.ec2.internal,refinery,refinery-o11y-ob3-stable-6f5cc6c4f4,Deployment,r6g.4xlarge,1
traces,ip-172-16-235-84.ec2.internal,refinery,refinery-o11y-ob3-stable-6f5cc6c4f4,Deployment,r6g.4xlarge,1
traces,ip-172-16-242-45.ec2.internal,traces,otel-o11y-ob3-traces-opentelemetry-collector-f694f99f8,Deployment,c6gn.4xlarge,3
traces,ip-172-16-247-109.ec2.internal,refinery,refinery-o11y-ob3-stable-6f5cc6c4f4,Deployment,r6g.4xlarge,1
traces,ip-172-16-248-37.ec2.internal,refinery,redis-o11y-ob3-refinery-stable-master-76d89ffcf8,Deployment,r6g.4xlarge,1
traces,ip-172-16-248-37.ec2.internal,refinery,refinery-o11y-ob3-stable-6f5cc6c4f4,Deployment,r6g.4xlarge,1
traces,ip-172-16-251-7.ec2.internal,traces,otel-o11y-ob3-traces-balancer-opentelemetry-collector-84cd6cc85,Deployment,c6gn.4xlarge,3
traces,ip-172-16-251-7.ec2.internal,traces,otel-o11y-ob3-traces-beta-opentelemetry-collector-5b5479c458,Deployment,c6gn.4xlarge,1
traces,ip-172-16-254-1.ec2.internal,traces,otel-o11y-ob3-traces-balancer-opentelemetry-collector-84cd6cc85,Deployment,c6gn.4xlarge,3
traces,ip-172-16-26-150.ec2.internal,refinery,refinery-o11y-ob3-stable-6f5cc6c4f4,Deployment,r6g.4xlarge,1
traces,ip-172-16-27-222.ec2.internal,traces,otel-o11y-ob3-traces-balancer-opentelemetry-collector-84cd6cc85,Deployment,c6gn.4xlarge,2
traces,ip-172-16-27-222.ec2.internal,traces,otel-o11y-ob3-traces-opentelemetry-collector-f694f99f8,Deployment,c6gn.4xlarge,1
traces,ip-172-16-28-144.ec2.internal,traces,otel-o11y-ob3-traces-balancer-opentelemetry-collector-84cd6cc85,Deployment,c6gn.4xlarge,1
traces,ip-172-16-28-144.ec2.internal,traces,otel-o11y-ob3-traces-opentelemetry-collector-f694f99f8,Deployment,c6gn.4xlarge,2
traces,ip-172-16-32-152.ec2.internal,traces,otel-o11y-ob3-traces-balancer-opentelemetry-collector-84cd6cc85,Deployment,c6gn.4xlarge,3
traces,ip-172-16-32-152.ec2.internal,traces,otel-o11y-ob3-traces-frontend-opentelemetry-collector-554cd885ff,Deployment,c6gn.4xlarge,1
traces,ip-172-16-32-18.ec2.internal,traces,otel-o11y-ob3-traces-balancer-opentelemetry-collector-84cd6cc85,Deployment,c6gn.4xlarge,1
traces,ip-172-16-32-18.ec2.internal,traces,otel-o11y-ob3-traces-opentelemetry-collector-f694f99f8,Deployment,c6gn.4xlarge,2
traces,ip-172-16-37-125.ec2.internal,traces,otel-o11y-ob3-traces-balancer-opentelemetry-collector-84cd6cc85,Deployment,c6gn.4xlarge,1
traces,ip-172-16-37-125.ec2.internal,traces,otel-o11y-ob3-traces-opentelemetry-collector-f694f99f8,Deployment,c6gn.4xlarge,2
traces,ip-172-16-38-65.ec2.internal,traces,otel-o11y-ob3-traces-balancer-opentelemetry-collector-84cd6cc85,Deployment,c6gn.4xlarge,1
traces,ip-172-16-38-65.ec2.internal,traces,otel-o11y-ob3-traces-opentelemetry-collector-f694f99f8,Deployment,c6gn.4xlarge,2
traces,ip-172-16-41-64.ec2.internal,traces,otel-o11y-ob3-traces-balancer-opentelemetry-collector-84cd6cc85,Deployment,c6gn.4xlarge,1
traces,ip-172-16-41-64.ec2.internal,traces,otel-o11y-ob3-traces-opentelemetry-collector-f694f99f8,Deployment,c6gn.4xlarge,2
traces,ip-172-16-43-192.ec2.internal,traces,otel-o11y-ob3-traces-balancer-opentelemetry-collector-84cd6cc85,Deployment,c6gn.4xlarge,1
traces,ip-172-16-43-192.ec2.internal,traces,otel-o11y-ob3-traces-opentelemetry-collector-f694f99f8,Deployment,c6gn.4xlarge,2
traces,ip-172-16-57-68.ec2.internal,refinery,redis-o11y-ob3-refinery-dev-master-749f95cd74,Deployment,r6g.4xlarge,1
traces,ip-172-16-57-68.ec2.internal,refinery,refinery-o11y-ob3-dev-85c68fb64f,Deployment,r6g.4xlarge,1
traces,ip-172-16-61-188.ec2.internal,traces,otel-o11y-ob3-traces-balancer-opentelemetry-collector-84cd6cc85,Deployment,c6gn.2xlarge,1
traces,ip-172-16-61-188.ec2.internal,traces,otel-o11y-ob3-traces-frontend-opentelemetry-collector-554cd885ff,Deployment,c6gn.2xlarge,1
victoria-metrics,ip-172-16-17-50.ec2.internal,victoria-metrics,vmstorage-default-stable,StatefulSet,r6g.2xlarge,1
victoria-metrics,ip-172-16-17-50.ec2.internal,victoria-metrics,vmstorage-merchant-journey-stable,StatefulSet,r6g.2xlarge,1
victoria-metrics,ip-172-16-21-9.ec2.internal,victoria-metrics,vmstorage-default-stable,StatefulSet,r6g.2xlarge,1
victoria-metrics,ip-172-16-21-9.ec2.internal,victoria-metrics,vmstorage-janus-stable,StatefulSet,r6g.2xlarge,1
victoria-metrics,ip-172-16-214-83.ec2.internal,victoria-metrics,vminsert-developer-journey-stable-779b9c556,Deployment,r8g.24xlarge,1
victoria-metrics,ip-172-16-214-83.ec2.internal,victoria-metrics,vminsert-janus-stable-669fffbb5f,Deployment,r8g.24xlarge,1
victoria-metrics,ip-172-16-214-83.ec2.internal,victoria-metrics,vminsert-shopper-journey-stable-946fdcf67,Deployment,r8g.24xlarge,1
victoria-metrics,ip-172-16-214-83.ec2.internal,victoria-metrics,vmselect-developer-journey-stable,StatefulSet,r8g.24xlarge,1
victoria-metrics,ip-172-16-214-83.ec2.internal,victoria-metrics,vmselect-janus-stable,StatefulSet,r8g.24xlarge,1
victoria-metrics,ip-172-16-214-83.ec2.internal,victoria-metrics,vmselect-merchant-journey-stable,StatefulSet,r8g.24xlarge,1
victoria-metrics,ip-172-16-214-83.ec2.internal,victoria-metrics,vmselect-tech-infra-stable,StatefulSet,r8g.24xlarge,1
victoria-metrics,ip-172-16-214-83.ec2.internal,victoria-metrics,vmselect-vm-o11y-platform,StatefulSet,r8g.24xlarge,2
victoria-metrics,ip-172-16-214-83.ec2.internal,victoria-metrics,vmstorage-janus-stable,StatefulSet,r8g.24xlarge,3
victoria-metrics,ip-172-16-214-83.ec2.internal,victoria-metrics,vmstorage-merchant-journey-stable,StatefulSet,r8g.24xlarge,1
victoria-metrics,ip-172-16-214-83.ec2.internal,victoria-metrics,vmstorage-tech-infra-stable,StatefulSet,r8g.24xlarge,1
victoria-metrics,ip-172-16-214-83.ec2.internal,victoria-metrics,vmstorage-vm-infra-metrics,StatefulSet,r8g.24xlarge,1
victoria-metrics,ip-172-16-214-83.ec2.internal,victoria-metrics,vmstorage-vm-o11y-platform,StatefulSet,r8g.24xlarge,1
victoria-metrics,ip-172-16-220-107.ec2.internal,victoria-metrics,vmstorage-janus-stable,StatefulSet,r6g.2xlarge,1
victoria-metrics,ip-172-16-222-108.ec2.internal,victoria-metrics,vminsert-tech-infra-stable-dccbbf886,Deployment,r6g.4xlarge,1
victoria-metrics,ip-172-16-222-108.ec2.internal,victoria-metrics,vmselect-vm-infra-metrics,StatefulSet,r6g.4xlarge,1
victoria-metrics,ip-172-16-222-108.ec2.internal,victoria-metrics,vmstorage-developer-journey-stable,StatefulSet,r6g.4xlarge,1
victoria-metrics,ip-172-16-222-216.ec2.internal,victoria-metrics,vmstorage-janus-stable,StatefulSet,r6g.2xlarge,1
victoria-metrics,ip-172-16-223-129.ec2.internal,victoria-metrics,vmalert-cd-anomaly-frwk-alert-6d55599949,Deployment,r6g.2xlarge,1
victoria-metrics,ip-172-16-223-129.ec2.internal,victoria-metrics,vmstorage-janus-stable,StatefulSet,r6g.2xlarge,1
victoria-metrics,ip-172-16-227-127.ec2.internal,victoria-metrics,vmselect-janus-stable,StatefulSet,r6g.4xlarge,1
victoria-metrics,ip-172-16-228-217.ec2.internal,victoria-metrics,vminsert-default-stable-d64486cd8,Deployment,m6g.12xlarge,1
victoria-metrics,ip-172-16-228-217.ec2.internal,victoria-metrics,vminsert-merchant-journey-stable-667b49c784,Deployment,m6g.12xlarge,1
victoria-metrics,ip-172-16-228-217.ec2.internal,victoria-metrics,vminsert-vm-o11y-platform-854c6d45cd,Deployment,m6g.12xlarge,1
victoria-metrics,ip-172-16-228-217.ec2.internal,victoria-metrics,vmselect-janus-stable,StatefulSet,m6g.12xlarge,1
victoria-metrics,ip-172-16-228-217.ec2.internal,victoria-metrics,vmselect-tech-infra-stable,StatefulSet,m6g.12xlarge,2
victoria-metrics,ip-172-16-228-217.ec2.internal,victoria-metrics,vmsingle-loadtests-6b47ff9d89,Deployment,m6g.12xlarge,1
victoria-metrics,ip-172-16-228-253.ec2.internal,victoria-metrics,vminsert-developer-journey-stable-779b9c556,Deployment,c6g.8xlarge,2
victoria-metrics,ip-172-16-228-253.ec2.internal,victoria-metrics,vminsert-merchant-journey-stable-667b49c784,Deployment,c6g.8xlarge,1
victoria-metrics,ip-172-16-228-253.ec2.internal,victoria-metrics,vminsert-tech-infra-stable-dccbbf886,Deployment,c6g.8xlarge,1
victoria-metrics,ip-172-16-229-191.ec2.internal,victoria-metrics,vminsert-shopper-journey-stable-946fdcf67,Deployment,m6g.4xlarge,1
victoria-metrics,ip-172-16-229-191.ec2.internal,victoria-metrics,vminsert-tech-infra-stable-dccbbf886,Deployment,m6g.4xlarge,1
victoria-metrics,ip-172-16-229-191.ec2.internal,victoria-metrics,vmstorage-merchant-journey-stable,StatefulSet,m6g.4xlarge,1
victoria-metrics,ip-172-16-229-36.ec2.internal,victoria-metrics,vmstorage-janus-stable,StatefulSet,r6g.2xlarge,1
victoria-metrics,ip-172-16-229-41.ec2.internal,victoria-metrics,vmagent-aggregation-delta-75fdbc65c,Deployment,hpc7g.16xlarge,1
victoria-metrics,ip-172-16-229-41.ec2.internal,victoria-metrics,vminsert-janus-stable-669fffbb5f,Deployment,hpc7g.16xlarge,4
victoria-metrics,ip-172-16-229-41.ec2.internal,victoria-metrics,vminsert-tech-infra-stable-dccbbf886,Deployment,hpc7g.16xlarge,2
victoria-metrics,ip-172-16-229-41.ec2.internal,victoria-metrics,vminsert-vm-o11y-platform-854c6d45cd,Deployment,hpc7g.16xlarge,1
victoria-metrics,ip-172-16-229-41.ec2.internal,victoria-metrics,vmselect-merchant-journey-stable,StatefulSet,hpc7g.16xlarge,1
victoria-metrics,ip-172-16-23-113.ec2.internal,victoria-metrics,vminsert-shopper-journey-stable-946fdcf67,Deployment,r6g.4xlarge,1
victoria-metrics,ip-172-16-23-113.ec2.internal,victoria-metrics,vmstorage-janus-stable,StatefulSet,r6g.4xlarge,1
victoria-metrics,ip-172-16-23-113.ec2.internal,victoria-metrics,vmstorage-tech-infra-stable,StatefulSet,r6g.4xlarge,1
victoria-metrics,ip-172-16-231-6.ec2.internal,victoria-metrics,vminsert-merchant-journey-stable-667b49c784,Deployment,c6g.8xlarge,2
victoria-metrics,ip-172-16-231-6.ec2.internal,victoria-metrics,vminsert-tech-infra-stable-dccbbf886,Deployment,c6g.8xlarge,1
victoria-metrics,ip-172-16-231-6.ec2.internal,victoria-metrics,vmstorage-janus-stable,StatefulSet,c6g.8xlarge,1
victoria-metrics,ip-172-16-233-85.ec2.internal,victoria-metrics,vmalert-prd-ti-o11y-eks-use1-ob3-58cc9dd5b8,Deployment,m6g.12xlarge,1
victoria-metrics,ip-172-16-233-85.ec2.internal,victoria-metrics,vminsert-developer-journey-stable-779b9c556,Deployment,m6g.12xlarge,1
victoria-metrics,ip-172-16-233-85.ec2.internal,victoria-metrics,vminsert-janus-stable-669fffbb5f,Deployment,m6g.12xlarge,1
victoria-metrics,ip-172-16-233-85.ec2.internal,victoria-metrics,vminsert-merchant-journey-stable-667b49c784,Deployment,m6g.12xlarge,1
victoria-metrics,ip-172-16-233-85.ec2.internal,victoria-metrics,vmselect-janus-stable,StatefulSet,m6g.12xlarge,1
victoria-metrics,ip-172-16-233-85.ec2.internal,victoria-metrics,vmstorage-shopper-journey-stable,StatefulSet,m6g.12xlarge,1
victoria-metrics,ip-172-16-236-169.ec2.internal,victoria-metrics,vminsert-developer-journey-stable-779b9c556,Deployment,m6g.8xlarge,1
victoria-metrics,ip-172-16-236-169.ec2.internal,victoria-metrics,vminsert-shopper-journey-stable-946fdcf67,Deployment,m6g.8xlarge,1
victoria-metrics,ip-172-16-236-169.ec2.internal,victoria-metrics,vminsert-tech-infra-stable-dccbbf886,Deployment,m6g.8xlarge,1
victoria-metrics,ip-172-16-236-169.ec2.internal,victoria-metrics,vmselect-tech-infra-stable,StatefulSet,m6g.8xlarge,1
victoria-metrics,ip-172-16-236-169.ec2.internal,victoria-metrics,vmstorage-janus-stable,StatefulSet,m6g.8xlarge,1
victoria-metrics,ip-172-16-236-218.ec2.internal,victoria-metrics,vminsert-developer-journey-stable-779b9c556,Deployment,m6g.4xlarge,1
victoria-metrics,ip-172-16-236-218.ec2.internal,victoria-metrics,vmstorage-janus-stable,StatefulSet,m6g.4xlarge,1
victoria-metrics,ip-172-16-236-228.ec2.internal,victoria-metrics,victoria-metrics-operator-ob3-stable-bd8cdb88c,Deployment,m6g.4xlarge,1
victoria-metrics,ip-172-16-236-228.ec2.internal,victoria-metrics,vminsert-shopper-journey-stable-946fdcf67,Deployment,m6g.4xlarge,1
victoria-metrics,ip-172-16-236-228.ec2.internal,victoria-metrics,vminsert-tech-infra-stable-dccbbf886,Deployment,m6g.4xlarge,1
victoria-metrics,ip-172-16-236-228.ec2.internal,victoria-metrics,vmstorage-merchant-journey-stable,StatefulSet,m6g.4xlarge,1
victoria-metrics,ip-172-16-239-201.ec2.internal,victoria-metrics,vmselect-tech-infra-stable,StatefulSet,r6g.4xlarge,1
victoria-metrics,ip-172-16-239-201.ec2.internal,victoria-metrics,vmstorage-default-stable,StatefulSet,r6g.4xlarge,1
victoria-metrics,ip-172-16-239-201.ec2.internal,victoria-metrics,vmstorage-developer-journey-stable,StatefulSet,r6g.4xlarge,1
victoria-metrics,ip-172-16-243-135.ec2.internal,victoria-metrics,vmstorage-janus-stable,StatefulSet,r6g.2xlarge,1
victoria-metrics,ip-172-16-243-197.ec2.internal,victoria-metrics,vminsert-default-stable-d64486cd8,Deployment,x2gd.2xlarge,1
victoria-metrics,ip-172-16-243-197.ec2.internal,victoria-metrics,vmstorage-developer-journey-stable,StatefulSet,x2gd.2xlarge,1
victoria-metrics,ip-172-16-25-189.ec2.internal,victoria-metrics,victoria-metrics-operator-ob3-stable-bd8cdb88c,Deployment,x2gd.2xlarge,1
victoria-metrics,ip-172-16-25-189.ec2.internal,victoria-metrics,vmstorage-tech-infra-stable,StatefulSet,x2gd.2xlarge,1
victoria-metrics,ip-172-16-253-12.ec2.internal,victoria-metrics,vmagent-prd-ti-o11y-eks-use1-ob3-9dcf5846c,Deployment,x2gd.2xlarge,1
victoria-metrics,ip-172-16-253-12.ec2.internal,victoria-metrics,vmstorage-tech-infra-stable,StatefulSet,x2gd.2xlarge,1
victoria-metrics,ip-172-16-27-12.ec2.internal,victoria-metrics,vminsert-tech-infra-stable-dccbbf886,Deployment,r6g.4xlarge,1
victoria-metrics,ip-172-16-27-12.ec2.internal,victoria-metrics,vmstorage-developer-journey-stable,StatefulSet,r6g.4xlarge,1
victoria-metrics,ip-172-16-27-12.ec2.internal,victoria-metrics,vmstorage-janus-stable,StatefulSet,r6g.4xlarge,1
victoria-metrics,ip-172-16-31-95.ec2.internal,victoria-metrics,vminsert-vm-infra-metrics-77cf9547bd,Deployment,x2gd.2xlarge,1
victoria-metrics,ip-172-16-31-95.ec2.internal,victoria-metrics,vmstorage-tech-infra-stable,StatefulSet,x2gd.2xlarge,1
victoria-metrics,ip-172-16-36-24.ec2.internal,victoria-metrics,vmalert-shopper-journey-stable-756c8c989d,Deployment,x2gd.2xlarge,1
victoria-metrics,ip-172-16-36-24.ec2.internal,victoria-metrics,vmstorage-tech-infra-stable,StatefulSet,x2gd.2xlarge,1
victoria-metrics,ip-172-16-37-197.ec2.internal,victoria-metrics,vminsert-vm-infra-metrics-77cf9547bd,Deployment,r6g.2xlarge,1
victoria-metrics,ip-172-16-37-197.ec2.internal,victoria-metrics,vmstorage-shopper-journey-stable,StatefulSet,r6g.2xlarge,1
victoria-metrics,ip-172-16-43-120.ec2.internal,victoria-metrics,vmalert-tech-infra-journey-stable-76967d684c,Deployment,x2gd.2xlarge,1
victoria-metrics,ip-172-16-43-120.ec2.internal,victoria-metrics,vmstorage-tech-infra-stable,StatefulSet,x2gd.2xlarge,1
victoria-metrics,ip-172-16-43-222.ec2.internal,victoria-metrics,vmalert-merchant-journey-stable-dd976df48,Deployment,r6g.4xlarge,1
victoria-metrics,ip-172-16-43-222.ec2.internal,victoria-metrics,vminsert-shopper-journey-stable-946fdcf67,Deployment,r6g.4xlarge,1
victoria-metrics,ip-172-16-43-222.ec2.internal,victoria-metrics,vmselect-vm-infra-metrics,StatefulSet,r6g.4xlarge,1
victoria-metrics,ip-172-16-43-222.ec2.internal,victoria-metrics,vmstorage-developer-journey-stable,StatefulSet,r6g.4xlarge,1
victoria-metrics,ip-172-16-43-244.ec2.internal,victoria-metrics,vminsert-developer-journey-stable-779b9c556,Deployment,r6g.12xlarge,1
victoria-metrics,ip-172-16-43-244.ec2.internal,victoria-metrics,vminsert-tech-infra-stable-dccbbf886,Deployment,r6g.12xlarge,1
victoria-metrics,ip-172-16-43-244.ec2.internal,victoria-metrics,vmselect-shopper-journey-stable,StatefulSet,r6g.12xlarge,1
victoria-metrics,ip-172-16-43-244.ec2.internal,victoria-metrics,vmselect-tech-infra-stable,StatefulSet,r6g.12xlarge,1
victoria-metrics,ip-172-16-43-244.ec2.internal,victoria-metrics,vmstorage-developer-journey-stable,StatefulSet,r6g.12xlarge,3
victoria-metrics,ip-172-16-43-244.ec2.internal,victoria-metrics,vmstorage-shopper-journey-stable,StatefulSet,r6g.12xlarge,1
victoria-metrics,ip-172-16-44-228.ec2.internal,victoria-metrics,vmselect-tech-infra-stable,StatefulSet,r6g.4xlarge,1
victoria-metrics,ip-172-16-44-228.ec2.internal,victoria-metrics,vmstorage-developer-journey-stable,StatefulSet,r6g.4xlarge,1
victoria-metrics,ip-172-16-45-117.ec2.internal,victoria-metrics,vmstorage-developer-journey-stable,StatefulSet,x2gd.4xlarge,1
victoria-metrics,ip-172-16-45-117.ec2.internal,victoria-metrics,vmstorage-shopper-journey-stable,StatefulSet,x2gd.4xlarge,1
victoria-metrics,ip-172-16-45-117.ec2.internal,victoria-metrics,vmstorage-tech-infra-stable,StatefulSet,x2gd.4xlarge,1
victoria-metrics,ip-172-16-45-219.ec2.internal,victoria-metrics,vmsingle-slos-dd94f7cbf,Deployment,x2gd.2xlarge,1
victoria-metrics,ip-172-16-45-219.ec2.internal,victoria-metrics,vmstorage-developer-journey-stable,StatefulSet,x2gd.2xlarge,1
victoria-metrics,ip-172-16-47-0.ec2.internal,victoria-metrics,vminsert-developer-journey-stable-779b9c556,Deployment,c6g.8xlarge,2
victoria-metrics,ip-172-16-47-0.ec2.internal,victoria-metrics,vminsert-merchant-journey-stable-667b49c784,Deployment,c6g.8xlarge,1
victoria-metrics,ip-172-16-47-0.ec2.internal,victoria-metrics,vmselect-merchant-journey-stable,StatefulSet,c6g.8xlarge,1
victoria-metrics,ip-172-16-49-137.ec2.internal,victoria-metrics,vmalert-common-dash-score-alert-677f546f8f,Deployment,a1.4xlarge,1
victoria-metrics,ip-172-16-49-137.ec2.internal,victoria-metrics,vminsert-shopper-journey-stable-946fdcf67,Deployment,a1.4xlarge,1
victoria-metrics,ip-172-16-49-137.ec2.internal,victoria-metrics,vmselect-default-stable,StatefulSet,a1.4xlarge,1
victoria-metrics,ip-172-16-50-65.ec2.internal,victoria-metrics,vmsingle-internal-monitoring-54b94b7d97,Deployment,m6g.4xlarge,1
victoria-metrics,ip-172-16-50-65.ec2.internal,victoria-metrics,vmstorage-vm-o11y-platform,StatefulSet,m6g.4xlarge,1
victoria-metrics,ip-172-16-51-130.ec2.internal,victoria-metrics,vminsert-developer-journey-stable-779b9c556,Deployment,r8g.24xlarge,1
victoria-metrics,ip-172-16-51-130.ec2.internal,victoria-metrics,vminsert-merchant-journey-stable-667b49c784,Deployment,r8g.24xlarge,1
victoria-metrics,ip-172-16-51-130.ec2.internal,victoria-metrics,vmselect-developer-journey-stable,StatefulSet,r8g.24xlarge,1
victoria-metrics,ip-172-16-51-130.ec2.internal,victoria-metrics,vmselect-janus-stable,StatefulSet,r8g.24xlarge,2
victoria-metrics,ip-172-16-51-130.ec2.internal,victoria-metrics,vmselect-shopper-journey-stable,StatefulSet,r8g.24xlarge,1
victoria-metrics,ip-172-16-51-130.ec2.internal,victoria-metrics,vmselect-tech-infra-stable,StatefulSet,r8g.24xlarge,1
victoria-metrics,ip-172-16-51-130.ec2.internal,victoria-metrics,vmstorage-developer-journey-stable,StatefulSet,r8g.24xlarge,2
victoria-metrics,ip-172-16-51-130.ec2.internal,victoria-metrics,vmstorage-janus-stable,StatefulSet,r8g.24xlarge,4
victoria-metrics,ip-172-16-51-130.ec2.internal,victoria-metrics,vmstorage-vm-infra-metrics,StatefulSet,r8g.24xlarge,1
victoria-metrics,ip-172-16-53-20.ec2.internal,victoria-metrics,vmselect-developer-journey-stable,StatefulSet,r6g.4xlarge,1
victoria-metrics,ip-172-16-53-20.ec2.internal,victoria-metrics,vmstorage-developer-journey-stable,StatefulSet,r6g.4xlarge,1
