pod,namespace,node
otel-o11y-ob3-af-beta-opentelemetry-collector-d9c75dbc8-pj9nw,activity-flow,goofy-khayyam-1256882651
otel-o11y-ob3-af-beta-opentelemetry-collector-d9c75dbc8-pnmtj,activity-flow,goofy-khayyam-1256882651
otel-o11y-ob3-af-stable-opentelemetry-collector-6fd65548456zqjv,activity-flow,goofy-khayyam-1256882651
otel-o11y-ob3-af-stable-opentelemetry-collector-6fd65548458jd6n,activity-flow,goofy-khayyam-1256882651
otel-o11y-ob3-af-beta-opentelemetry-collector-d9c75dbc8-qr8lk,activity-flow,jovial-aryabhata-1186804848
otel-o11y-ob3-af-stable-opentelemetry-collector-6fd6554845gvnx9,activity-flow,jovial-aryabhata-1186804848
otel-o11y-ob3-af-stable-opentelemetry-collector-6fd6554845ps26x,activity-flow,jovial-aryabhata-1186804848
chi-clickhouse-signoz-ch-cluster-1-0-749fb5476d-76m8n,clickhouse,affectionate-herschel-1681855377
chi-clickhouse-signoz-ch-cluster-2-1-655cc4f74-797sm,clickhouse,agitated-cray-142369536
clickhouse-signoz-ch-keeper-68d7b8954f-6hhk9,clickhouse,competent-herschel-3839959428
chi-clickhouse-signoz-ch-cluster-0-1-5b44b44f68-5gtn9,clickhouse,beautiful-wilbur-3330969786
chi-clickhouse-signoz-ch-cluster-4-0-6f567b795f-vrb67,clickhouse,competent-golick-980012993
chi-clickhouse-signoz-ch-cluster-1-1-5f4fb9f76c-2hmr9,clickhouse,cranky-driscoll-2192747876
chi-clickhouse-signoz-ch-cluster-5-1-85c4cb65f-26xbv,clickhouse,epic-cray-3554529744
clickhouse-signoz-ch-keeper-68d7b8954f-6qvxs,clickhouse,condescending-margulis-4038316433
chi-clickhouse-signoz-ch-cluster-6-0-6f46bb7d7c-hqxdz,clickhouse,fervent-noyce-2930263325
chi-clickhouse-signoz-ch-cluster-6-1-86b667cf46-b5n6q,clickhouse,friendly-wing-781832131
chi-clickhouse-signoz-ch-cluster-3-0-66dcb4b594-pkk4b,clickhouse,magical-cori-4040873150
clickhouse-operator-7f67d5d5d6-4744p,clickhouse,magical-cori-4040873150
chi-clickhouse-signoz-ch-cluster-3-1-86df8b4497-nplvc,clickhouse,modest-clarke-1102351266
chi-clickhouse-signoz-ch-cluster-2-0-d984fccc-f74rs,clickhouse,nervous-tesla-2823528244
clickhouse-signoz-ch-keeper-68d7b8954f-qbtwt,clickhouse,confident-hermann-2515440957
chi-clickhouse-signoz-ch-cluster-7-1-9cdcd677c-hpbls,clickhouse,recursing-northcutt-2514860937
chi-clickhouse-signoz-ch-cluster-5-0-65d7d5c5c6-zx9wm,clickhouse,stupefied-euler-2777399300
chi-clickhouse-signoz-ch-cluster-4-1-58566cccd8-v7xsr,clickhouse,upbeat-elion-597405258
chi-clickhouse-signoz-ch-cluster-0-0-65477569cf-l8tdw,clickhouse,xenodochial-mendeleev-1971659332
chi-clickhouse-signoz-ch-cluster-7-0-d9b54645d-hgf9w,clickhouse,zealous-euler-3679669323
otel-o11y-ob3-janus-events-opentelemetry-collector-7688b694mj5z,events,boring-albattani-2415274765
otel-o11y-ob3-janus-events-opentelemetry-collector-7688b695z7rt,events,boring-albattani-2415274765
otel-o11y-ob3-janus-events-opentelemetry-collector-7688b6964p66,events,boring-albattani-2415274765
otel-o11y-ob3-janus-events-opentelemetry-collector-7688b696s9fr,events,friendly-khayyam-2565908077
otel-o11y-ob3-janus-events-opentelemetry-collector-7688b697v24k,events,friendly-khayyam-2565908077
otel-o11y-ob3-janus-events-opentelemetry-collector-7688b697zgpk,events,strange-shtern-2405876381
otel-o11y-ob3-janus-events-opentelemetry-collector-7688b69hl6gf,events,strange-shtern-2405876381
otel-o11y-ob3-janus-events-opentelemetry-collector-7688b69jw5xx,events,tender-raman-3393863391
otel-o11y-ob3-janus-events-opentelemetry-collector-7688b69nls86,events,tender-raman-3393863391
otel-o11y-ob3-janus-events-opentelemetry-collector-7688b69wgpjx,events,tender-raman-3393863391
external-dns-866c64679b-phg8j,external-dns,elated-davinci-2704395934
external-dns-public-65d9c996d8-pdls2,external-dns-public,distracted-banzai-772902024
external-secrets-5b886f88b6-mvq9q,external-secrets,gallant-bardeen-684270501
external-secrets-webhook-767ff78558-zft8p,external-secrets,quirky-shtern-105533242
external-secrets-cert-controller-f9b58b9c4-4hqgv,external-secrets,elated-davinci-2704395934
grafana-vtex-image-renderer-74c44b465-vhqvt,grafana,suspicious-chandrasekhar-130011788
grafana-vtex-6bc9c67d75-4t42p,grafana,gallant-bardeen-684270501
grafana-vtex-6bc9c67d75-lgc4t,grafana,strange-keller-2136436629
grafana-vtex-6bc9c67d75-z5lwh,grafana,quirky-shtern-105533242
istio-operator-7df9c95f6-22gmn,istio-operator,quirky-shtern-105533242
istio-auth-ingressgateway-9c864bd4-bfs4f,istio-system,competent-herschel-3839959428
istio-internal-gauth-ingressgateway-57444cbc8c-4vjtn,istio-system,competent-herschel-3839959428
istio-internal-ingressgateway-5d865d5fc-24kx9,istio-system,competent-herschel-3839959428
istio-public-ingressgateway-55c66d79b9-2x6db,istio-system,competent-herschel-3839959428
istio-internal-gauth-ingressgateway-57444cbc8c-92mj8,istio-system,heuristic-hopper-2304559199
istio-internal-ingressgateway-5d865d5fc-5c564,istio-system,heuristic-hopper-2304559199
istio-internal-ingressgateway-5d865d5fc-6dhn4,istio-system,heuristic-hopper-2304559199
istio-internal-ingressgateway-5d865d5fc-8bq7k,istio-system,heuristic-hopper-2304559199
istio-internal-ingressgateway-5d865d5fc-8xb2g,istio-system,heuristic-hopper-2304559199
istio-internal-ingressgateway-5d865d5fc-g5kfq,istio-system,serene-swanson-2287144517
istio-internal-ingressgateway-5d865d5fc-h2grc,istio-system,serene-swanson-2287144517
istio-internal-ingressgateway-5d865d5fc-h7b6c,istio-system,serene-swanson-2287144517
istio-public-ingressgateway-55c66d79b9-2z5tz,istio-system,suspicious-chandrasekhar-130011788
istiod-bf8476556-k2gl2,istio-system,suspicious-chandrasekhar-130011788
istio-auth-ingressgateway-9c864bd4-dkqds,istio-system,distracted-banzai-772902024
istio-internal-gauth-ingressgateway-57444cbc8c-djw57,istio-system,distracted-banzai-772902024
istio-internal-gauth-ingressgateway-57444cbc8c-h22hn,istio-system,distracted-banzai-772902024
istio-internal-ingressgateway-5d865d5fc-hg5vn,istio-system,distracted-banzai-772902024
istio-internal-ingressgateway-5d865d5fc-kbkjt,istio-system,distracted-banzai-772902024
istio-internal-ingressgateway-5d865d5fc-kq8gm,istio-system,distracted-banzai-772902024
istio-internal-ingressgateway-5d865d5fc-l5m6x,istio-system,distracted-banzai-772902024
istio-internal-ingressgateway-5d865d5fc-lmf6k,istio-system,distracted-banzai-772902024
istio-public-ingressgateway-55c66d79b9-7f62b,istio-system,distracted-banzai-772902024
istio-public-pinkies-ingressgateway-6fdf89d747-57np5,istio-system,distracted-banzai-772902024
istio-public-pinkies-ingressgateway-6fdf89d747-cf5fv,istio-system,distracted-banzai-772902024
istio-public-pinkies-ingressgateway-6fdf89d747-f6hg5,istio-system,distracted-banzai-772902024
istio-public-pinkies-ingressgateway-6fdf89d747-fshh9,istio-system,distracted-banzai-772902024
istio-auth-ingressgateway-9c864bd4-g2v7f,istio-system,zealous-bouman-75882532
istio-internal-gauth-ingressgateway-57444cbc8c-jkc6p,istio-system,zealous-bouman-75882532
istio-internal-ingressgateway-5d865d5fc-ln9lr,istio-system,zealous-bouman-75882532
istio-internal-ingressgateway-5d865d5fc-lqzs8,istio-system,zealous-bouman-75882532
istio-internal-ingressgateway-5d865d5fc-mtwp7,istio-system,zealous-bouman-75882532
istio-public-ingressgateway-55c66d79b9-hkq7k,istio-system,zealous-bouman-75882532
istio-public-pinkies-ingressgateway-6fdf89d747-kjflz,istio-system,zealous-bouman-75882532
istio-auth-ingressgateway-9c864bd4-jpqrm,istio-system,condescending-margulis-4038316433
istio-internal-ingressgateway-5d865d5fc-n9r9h,istio-system,condescending-margulis-4038316433
istio-internal-ingressgateway-5d865d5fc-pppbh,istio-system,condescending-margulis-4038316433
istio-auth-ingressgateway-9c864bd4-jw5pr,istio-system,confident-hermann-2515440957
istio-auth-ingressgateway-9c864bd4-k5cdk,istio-system,confident-hermann-2515440957
istio-internal-ingressgateway-5d865d5fc-s2msm,istio-system,confident-hermann-2515440957
istio-internal-ingressgateway-5d865d5fc-t6fcs,istio-system,confident-hermann-2515440957
istio-auth-ingressgateway-9c864bd4-mcmqk,istio-system,gallant-bardeen-684270501
istio-internal-gauth-ingressgateway-57444cbc8c-jkkb2,istio-system,gallant-bardeen-684270501
istio-internal-gauth-ingressgateway-57444cbc8c-qq94t,istio-system,gallant-bardeen-684270501
istio-internal-ingressgateway-5d865d5fc-tlcmm,istio-system,gallant-bardeen-684270501
istio-internal-ingressgateway-5d865d5fc-v5mjv,istio-system,gallant-bardeen-684270501
istio-public-ingressgateway-55c66d79b9-nw9zs,istio-system,gallant-bardeen-684270501
istio-public-ingressgateway-55c66d79b9-p2nzz,istio-system,gallant-bardeen-684270501
istio-public-pinkies-ingressgateway-6fdf89d747-ktfvh,istio-system,gallant-bardeen-684270501
istio-internal-gauth-ingressgateway-57444cbc8c-scbnj,istio-system,strange-keller-2136436629
istio-internal-ingressgateway-5d865d5fc-vhhwc,istio-system,strange-keller-2136436629
istio-internal-ingressgateway-5d865d5fc-vhk7q,istio-system,strange-keller-2136436629
istio-public-ingressgateway-55c66d79b9-pp7nd,istio-system,strange-keller-2136436629
istio-public-pinkies-ingressgateway-6fdf89d747-m8px5,istio-system,strange-keller-2136436629
istio-auth-ingressgateway-9c864bd4-p748m,istio-system,quirky-shtern-105533242
istio-auth-ingressgateway-9c864bd4-rtbbm,istio-system,quirky-shtern-105533242
istio-internal-gauth-ingressgateway-57444cbc8c-sdqqx,istio-system,quirky-shtern-105533242
istio-internal-ingressgateway-5d865d5fc-w9b7x,istio-system,quirky-shtern-105533242
istio-internal-ingressgateway-5d865d5fc-x45xr,istio-system,quirky-shtern-105533242
istio-public-ingressgateway-55c66d79b9-qcwx7,istio-system,quirky-shtern-105533242
istio-public-ingressgateway-55c66d79b9-qrkld,istio-system,quirky-shtern-105533242
istio-public-pinkies-ingressgateway-6fdf89d747-qvw9p,istio-system,quirky-shtern-105533242
istio-public-pinkies-ingressgateway-6fdf89d747-ttz5d,istio-system,quirky-shtern-105533242
istio-auth-ingressgateway-9c864bd4-xqb4f,istio-system,elated-davinci-2704395934
istio-internal-gauth-ingressgateway-57444cbc8c-vbwmn,istio-system,elated-davinci-2704395934
istio-internal-ingressgateway-5d865d5fc-xdl8v,istio-system,elated-davinci-2704395934
istio-internal-ingressgateway-5d865d5fc-xqrsv,istio-system,elated-davinci-2704395934
istio-public-ingressgateway-55c66d79b9-xxgd6,istio-system,elated-davinci-2704395934
istio-public-pinkies-ingressgateway-6fdf89d747-wlz82,istio-system,elated-davinci-2704395934
istiod-bf8476556-xwntl,istio-system,elated-davinci-2704395934
otel-o11y-ob3-logs-developer-opentelemetry-collector-8676c66ngs,logs,compassionate-kirch-4210639332
otel-o11y-ob3-logs-opentelemetry-collector-5bfc96d8bd-475g8,logs,compassionate-kirch-4210639332
otel-o11y-ob3-logs-tech-infra-opentelemetry-collector-6d884vm4g,logs,compassionate-kirch-4210639332
otel-o11y-ob3-logs-o11y-platform-opentelemetry-collector-97sb25,logs,compassionate-nobel-3954355170
otel-o11y-ob3-logs-opentelemetry-collector-5bfc96d8bd-5j4d2,logs,compassionate-nobel-3954355170
otel-o11y-ob3-logs-beta-opentelemetry-collector-6bd79c89cd9btsn,logs,competent-banzai-3633384007
otel-o11y-ob3-logs-developer-opentelemetry-collector-8676c6742v,logs,competent-banzai-3633384007
otel-o11y-ob3-logs-developer-opentelemetry-collector-8676c7dqw6,logs,competent-banzai-3633384007
otel-o11y-ob3-logs-developer-opentelemetry-collector-8676c8j6dw,logs,elegant-chatelet-1577229145
otel-o11y-ob3-logs-developer-opentelemetry-collector-8676cbqrbj,logs,elegant-chatelet-1577229145
otel-o11y-ob3-logs-opentelemetry-collector-5bfc96d8bd-7klxb,logs,elegant-chatelet-1577229145
otel-o11y-ob3-logs-o11y-platform-opentelemetry-collector-9q7qb9,logs,heuristic-cerf-3726731976
otel-o11y-ob3-logs-tech-infra-opentelemetry-collector-6d88jtnfr,logs,heuristic-cerf-3726731976
otel-o11y-ob3-logs-developer-opentelemetry-collector-8676cc7qj9,logs,inspiring-euclid-2255733384
otel-o11y-ob3-logs-opentelemetry-collector-5bfc96d8bd-dwqtz,logs,inspiring-euclid-2255733384
redis-o11y-ob3-stable-master-777ff46cf9-bsz7l,logs,inspiring-euclid-2255733384
otel-o11y-ob3-logs-opentelemetry-collector-5bfc96d8bd-lxz8p,logs,kind-hertz-2882415228
otel-o11y-ob3-logs-opentelemetry-collector-5bfc96d8bd-ms8z4,logs,kind-hertz-2882415228
otel-o11y-ob3-logs-developer-opentelemetry-collector-8676cfqzkh,logs,mystifying-lalande-1556152661
otel-o11y-ob3-logs-developer-opentelemetry-collector-8676chsscc,logs,mystifying-lalande-1556152661
otel-o11y-ob3-logs-opentelemetry-collector-5bfc96d8bd-n2l4s,logs,mystifying-lalande-1556152661
otel-o11y-ob3-logs-opentelemetry-collector-5bfc96d8bd-wpcrr,logs,optimistic-einstein-4013605889
otel-o11y-ob3-logs-opentelemetry-collector-5bfc96d8bd-zb2p9,logs,optimistic-einstein-4013605889
otel-o11y-ob3-logs-beta-opentelemetry-collector-6bd79c89cdjdj6l,logs,tender-shtern-65766999
otel-o11y-ob3-logs-tech-infra-opentelemetry-collector-6d88v5gbw,logs,tender-shtern-65766999
otel-o11y-ob3-logs-developer-opentelemetry-collector-8676csbzn5,logs,vibrant-moore-956670677
otel-o11y-ob3-logs-developer-opentelemetry-collector-8676ctptx6,logs,vibrant-moore-956670677
otel-o11y-ob3-logs-opentelemetry-collector-5bfc96d8bd-zxp2p,logs,vibrant-moore-956670677
otel-o11y-ob3-business-metrics-opentelemetry-collector-8f92q6tl,metrics,admiring-carver-2830636073
otel-o11y-ob3-system-metrics-developer-journey-opentelemet22x47,metrics,admiring-carver-2830636073
otel-o11y-system-metrics-janus-delta-acm-opentelemetry-col46p8j,metrics,admiring-carver-2830636073
otel-o11y-ob3-business-metrics-opentelemetry-collector-8f96w858,metrics,amazing-curie-830942885
otel-o11y-ob3-system-metrics-developer-journey-opentelemet2cwk6,metrics,amazing-curie-830942885
otel-o11y-ob3-system-metrics-janus-opentelemetry-collector2zjfj,metrics,amazing-curie-830942885
otel-o11y-ob3-system-metrics-merchant-journey-opentelemetr27vq9,metrics,amazing-curie-830942885
otel-o11y-ob3-system-metrics-shopper-journey-opentelemetry4n554,metrics,amazing-curie-830942885
otel-o11y-ob3-business-metrics-opentelemetry-collector-8f97dthv,metrics,admiring-almeida-2486297252
otel-o11y-ob3-system-metrics-developer-journey-opentelemet5xgz7,metrics,admiring-almeida-2486297252
otel-o11y-ob3-system-metrics-janus-opentelemetry-collector4v24c,metrics,admiring-almeida-2486297252
otel-o11y-ob3-system-metrics-merchant-journey-opentelemetr4sp6g,metrics,admiring-almeida-2486297252
otel-o11y-system-metrics-janus-delta-acm-opentelemetry-col5fmcv,metrics,admiring-almeida-2486297252
otel-o11y-system-metrics-janus-delta-acm-opentelemetry-col65hpl,metrics,admiring-almeida-2486297252
otel-o11y-system-metrics-janus-balancer-delta-acm-opentele42xz8,metrics,bold-bhabha-3995709832
otel-o11y-ob3-system-metrics-default-opentelemetry-collecth4hvn,metrics,blissful-bell-11129420
otel-o11y-ob3-system-metrics-janus-opentelemetry-collector5k6w2,metrics,blissful-bell-11129420
otel-o11y-ob3-system-metrics-shopper-journey-opentelemetry8m2c4,metrics,blissful-bell-11129420
otel-o11y-system-metrics-janus-delta-acm-opentelemetry-col6zwk9,metrics,blissful-bell-11129420
otel-o11y-ob3-business-metrics-opentelemetry-collector-8f98lccg,metrics,laughing-brattain-2360121425
otel-o11y-ob3-system-metrics-default-opentelemetry-collectlrbrc,metrics,laughing-brattain-2360121425
otel-o11y-ob3-system-metrics-merchant-journey-opentelemetr6cx5x,metrics,laughing-brattain-2360121425
otel-o11y-ob3-system-metrics-merchant-journey-opentelemetr8mgtf,metrics,laughing-brattain-2360121425
otel-o11y-ob3-system-metrics-shopper-journey-opentelemetrycw77k,metrics,laughing-brattain-2360121425
otel-o11y-system-metrics-janus-balancer-delta-acm-opentele4xfz2,metrics,elated-nobel-2659285931
otel-o11y-ob3-business-metrics-opentelemetry-collector-8f9bsxc6,metrics,determined-davinci-2119240470
otel-o11y-ob3-system-metrics-developer-journey-opentelemet8rshl,metrics,determined-davinci-2119240470
otel-o11y-ob3-system-metrics-janus-opentelemetry-collector5rznh,metrics,determined-davinci-2119240470
otel-o11y-ob3-system-metrics-merchant-journey-opentelemetrbc5h4,metrics,determined-davinci-2119240470
otel-o11y-ob3-system-metrics-shopper-journey-opentelemetryfnm4h,metrics,determined-davinci-2119240470
otel-o11y-ob3-system-metrics-janus-opentelemetry-collector8gs6f,metrics,distracted-khorana-909955209
otel-o11y-ob3-system-metrics-shopper-journey-opentelemetrygqtjp,metrics,distracted-khorana-909955209
otel-o11y-system-metrics-janus-delta-acm-opentelemetry-colbd4d9,metrics,distracted-khorana-909955209
otel-o11y-ob3-business-metrics-opentelemetry-collector-8f9gtkzw,metrics,exciting-banzai-3158399915
otel-o11y-ob3-system-metrics-developer-journey-opentelemet9jjtr,metrics,exciting-banzai-3158399915
otel-o11y-system-metrics-janus-delta-acm-opentelemetry-colcgb99,metrics,exciting-banzai-3158399915
otel-o11y-ob3-system-metrics-janus-opentelemetry-collectormr2rb,metrics,gallant-austin-3037319996
otel-o11y-ob3-system-metrics-shopper-journey-opentelemetryh4f6c,metrics,gallant-austin-3037319996
otel-o11y-ob3-system-metrics-tech-infra-opentelemetry-coll5qszn,metrics,gallant-austin-3037319996
otel-o11y-system-metrics-janus-delta-acm-opentelemetry-colk66jk,metrics,gallant-austin-3037319996
otel-o11y-ob3-system-metrics-developer-journey-opentelemetcqgws,metrics,gracious-lehmann-1601683264
otel-o11y-ob3-system-metrics-janus-opentelemetry-collectorptxjr,metrics,gracious-lehmann-1601683264
otel-o11y-system-metrics-janus-delta-acm-opentelemetry-coll5dj5,metrics,gracious-lehmann-1601683264
otel-o11y-ob3-business-metrics-opentelemetry-collector-8f9l9n99,metrics,happy-gagarin-3115724735
otel-o11y-ob3-system-metrics-shopper-journey-opentelemetryhtfsk,metrics,happy-gagarin-3115724735
otel-o11y-ob3-system-metrics-tech-infra-opentelemetry-coll72f6k,metrics,happy-gagarin-3115724735
otel-o11y-system-metrics-janus-delta-acm-opentelemetry-collcg4w,metrics,happy-gagarin-3115724735
otel-o11y-ob3-business-metrics-opentelemetry-collector-8f9ppqqt,metrics,kind-liskov-1145524629
otel-o11y-ob3-system-metrics-developer-journey-opentelemetdhs7j,metrics,kind-liskov-1145524629
otel-o11y-ob3-system-metrics-janus-opentelemetry-collectorq7skk,metrics,kind-liskov-1145524629
otel-o11y-ob3-system-metrics-merchant-journey-opentelemetrd8zph,metrics,kind-liskov-1145524629
otel-o11y-ob3-system-metrics-shopper-journey-opentelemetryk5287,metrics,kind-liskov-1145524629
otel-o11y-ob3-system-metrics-developer-journey-opentelemeth2zqp,metrics,lucid-hodgkin-3513855372
otel-o11y-ob3-system-metrics-shopper-journey-opentelemetrykk67q,metrics,lucid-hodgkin-3513855372
otel-o11y-system-metrics-janus-delta-acm-opentelemetry-colnczzv,metrics,lucid-hodgkin-3513855372
otel-o11y-system-metrics-janus-balancer-delta-acm-opentele5m7pj,metrics,exciting-mcnulty-2790154043
otel-o11y-system-metrics-janus-balancer-delta-acm-opentele689mf,metrics,goofy-feynman-2923728072
otel-o11y-ob3-business-metrics-opentelemetry-collector-8f9rcrwr,metrics,nostalgic-rubin-3703737372
otel-o11y-ob3-system-metrics-default-opentelemetry-collectsngmj,metrics,nostalgic-rubin-3703737372
otel-o11y-ob3-system-metrics-developer-journey-opentelemetkb99w,metrics,nostalgic-rubin-3703737372
otel-o11y-ob3-system-metrics-janus-opentelemetry-collectorst65b,metrics,nostalgic-rubin-3703737372
otel-o11y-ob3-system-metrics-merchant-journey-opentelemetrds5qm,metrics,nostalgic-rubin-3703737372
otel-o11y-ob3-system-metrics-o11y-platform-opentelemetry-cctftx,metrics,nostalgic-rubin-3703737372
otel-o11y-ob3-system-metrics-developer-journey-opentelemetmm952,metrics,recursing-rhodes-2381986294
otel-o11y-ob3-system-metrics-janus-opentelemetry-collectortk6qq,metrics,recursing-rhodes-2381986294
otel-o11y-ob3-system-metrics-merchant-journey-opentelemetrgln4m,metrics,recursing-rhodes-2381986294
otel-o11y-ob3-system-metrics-shopper-journey-opentelemetrymnfjs,metrics,recursing-rhodes-2381986294
otel-o11y-ob3-system-metrics-tech-infra-opentelemetry-coll8869t,metrics,recursing-rhodes-2381986294
otel-o11y-system-metrics-janus-balancer-delta-acm-opentelecvp4w,metrics,wonderful-mendeleev-875715451
otel-o11y-ob3-system-metrics-shopper-journey-opentelemetryq8ll9,metrics,distracted-roentgen-2890990091
otel-o11y-ob3-system-metrics-tech-infra-beta-opentelemetrymbmpn,metrics,distracted-roentgen-2890990091
otel-o11y-system-metrics-janus-delta-acm-opentelemetry-colnh4kd,metrics,distracted-roentgen-2890990091
otel-o11y-system-metrics-janus-delta-acm-opentelemetry-colpggz4,metrics,distracted-roentgen-2890990091
otel-o11y-system-metrics-janus-delta-acm-opentelemetry-colrl5h7,metrics,distracted-roentgen-2890990091
otel-o11y-ob3-business-metrics-opentelemetry-collector-8f9rngdn,metrics,youthful-gauss-1095395767
otel-o11y-ob3-system-metrics-developer-journey-opentelemetnhbfw,metrics,youthful-gauss-1095395767
otel-o11y-system-metrics-janus-delta-acm-opentelemetry-cols2dg8,metrics,youthful-gauss-1095395767
otel-o11y-system-metrics-janus-delta-acm-opentelemetry-colsfs27,metrics,youthful-gauss-1095395767
otel-o11y-system-metrics-janus-delta-acm-opentelemetry-colt78fr,metrics,youthful-gauss-1095395767
otel-o11y-ob3-business-metrics-opentelemetry-collector-8f9s5hcj,metrics,romantic-varahamihira-2616858916
otel-o11y-ob3-system-metrics-developer-journey-opentelemetpx6bs,metrics,romantic-varahamihira-2616858916
otel-o11y-ob3-system-metrics-developer-journey-opentelemetq5jxt,metrics,romantic-varahamihira-2616858916
otel-o11y-ob3-system-metrics-janus-opentelemetry-collectorvdn8x,metrics,romantic-varahamihira-2616858916
otel-o11y-ob3-system-metrics-merchant-journey-opentelemetrqnqd8,metrics,romantic-varahamihira-2616858916
otel-o11y-ob3-system-metrics-developer-journey-opentelemetq8cq7,metrics,sleepy-cannon-417175165
otel-o11y-ob3-system-metrics-janus-opentelemetry-collectorx5grv,metrics,sleepy-cannon-417175165
otel-o11y-system-metrics-janus-delta-acm-opentelemetry-coltzxv9,metrics,sleepy-cannon-417175165
otel-o11y-ob3-business-metrics-opentelemetry-collector-8f9tkb8k,metrics,upbeat-dewdney-4147919653
otel-o11y-ob3-system-metrics-shopper-journey-opentelemetryqgvf5,metrics,upbeat-dewdney-4147919653
otel-o11y-system-metrics-janus-delta-acm-opentelemetry-colw8hb5,metrics,upbeat-dewdney-4147919653
otel-o11y-ob3-system-metrics-shopper-journey-opentelemetryqphpd,metrics,vibrant-faraday-3629119751
otel-o11y-ob3-system-metrics-tech-infra-opentelemetry-collcbcfl,metrics,vibrant-faraday-3629119751
otel-o11y-system-metrics-janus-delta-acm-opentelemetry-colwz8ls,metrics,vibrant-faraday-3629119751
otel-o11y-ob3-business-metrics-opentelemetry-collector-8f9z2dxb,metrics,vibrant-northcutt-4203906335
otel-o11y-ob3-system-metrics-shopper-journey-opentelemetryt69x8,metrics,vibrant-northcutt-4203906335
otel-o11y-system-metrics-janus-delta-acm-opentelemetry-colxvf89,metrics,vibrant-northcutt-4203906335
otel-o11y-ob3-business-metrics-opentelemetry-collector-8f9z8gbl,metrics,wizardly-bhaskara-945017433
otel-o11y-ob3-system-metrics-developer-journey-opentelemetqgdhg,metrics,wizardly-bhaskara-945017433
otel-o11y-ob3-system-metrics-merchant-journey-opentelemetrtsv9t,metrics,wizardly-bhaskara-945017433
otel-o11y-ob3-system-metrics-shopper-journey-opentelemetryxtbjv,metrics,wizardly-bhaskara-945017433
otel-o11y-ob3-system-metrics-tech-infra-opentelemetry-collk9qmz,metrics,wizardly-bhaskara-945017433
prometheus-o11y-ob3-eks-o11y-ec2-b2b-server-56986b7f96-jk7v9,monitoring-prometheus,hopeful-booth-3456581295
prometheus-o11y-ob3-eks-o11y-ec2-checkout-server-544c9f478bm8kt,monitoring-prometheus,hopeful-booth-3456581295
prometheus-o11y-ob3-eks-o11y-ec2-marketplace-server-64bd9cdskb9,monitoring-prometheus,hopeful-booth-3456581295
prometheus-o11y-ob3-eks-o11y-ec2-orders-server-74b7898678-4zbc4,monitoring-prometheus,hopeful-booth-3456581295
prometheus-o11y-ob3-eks-o11y-ec2-ori-server-7c68b9f564-hbb5f,monitoring-prometheus,hopeful-booth-3456581295
prometheus-o11y-ob3-eks-o11y-ec2-pricing-server-6885b5b67-pfsbh,monitoring-prometheus,hopeful-booth-3456581295
prometheus-o11y-ob3-eks-o11y-ec2-smartlink-server-775bd567qg4km,monitoring-prometheus,hopeful-booth-3456581295
prometheus-o11y-ob3-eks-o11y-ec2-solr-server-66775587f9-9qrng,monitoring-prometheus,hopeful-booth-3456581295
prometheus-o11y-ob3-eks-o11y-ec2-catalog-server-7d6f9ff986g2g4l,monitoring-prometheus,cool-austin-4201779753
prometheus-o11y-ob3-eks-o11y-ec2-integrations-server-5b776v5crm,monitoring-prometheus,cool-austin-4201779753
prometheus-o11y-ob3-eks-o11y-ec2-offer-status-server-744f78fmsr,monitoring-prometheus,cool-austin-4201779753
prometheus-o11y-ob3-eks-o11y-ec2-storage-server-674db8db8fznl5x,monitoring-prometheus,cool-austin-4201779753
prometheus-o11y-ob3-eks-o11y-ec2-traffic-server-6596f47546lz4ft,monitoring-prometheus,cool-austin-4201779753
prometheus-o11y-ob3-eks-o11y-ec2-billing-server-65b645b778brcvq,monitoring-prometheus,laughing-beaver-314968563
prometheus-o11y-ob3-eks-o11y-ec2-identity-server-5fb6fddbf47mzk,monitoring-prometheus,laughing-beaver-314968563
prometheus-o11y-ob3-eks-o11y-ec2-payments-server-ccc5f548dqglqr,monitoring-prometheus,laughing-beaver-314968563
prometheus-o11y-ob3-eks-o11y-ec2-connections-server-7b7cd7ddpt5,monitoring-prometheus,kind-noyce-2849699442
prometheus-o11y-ob3-eks-o11y-ec2-logistics-server-6795856675rhk,monitoring-prometheus,kind-noyce-2849699442
prometheus-o11y-ob3-eks-o11y-ec2-sp-server-6ffc6c4db5-9h2r6,monitoring-prometheus,kind-noyce-2849699442
prometheus-o11y-ob3-prd-ti-o11y-eks-use1-ob3-server-7fb495wq8pz,monitoring-prometheus,kind-noyce-2849699442
o11y-platform-read-api-stable-cc5c58594-2pxnj,o11y-platform,heuristic-hopper-2304559199
o11y-platform-read-api-stable-cc5c58594-77ntn,o11y-platform,heuristic-hopper-2304559199
o11y-platform-read-api-stable-cc5c58594-qnpbt,o11y-platform,distracted-banzai-772902024
o11y-platform-read-api-stable-cc5c58594-s7w59,o11y-platform,zealous-bouman-75882532
o11y-platform-read-api-stable-cc5c58594-zd42c,o11y-platform,elated-davinci-2704395934
oauth2-proxy-vtex-com-6d59ffb757-5z286,oauth2-proxy,condescending-margulis-4038316433
oauth2-proxy-vtex-systems-7f94989ddb-8d8lt,oauth2-proxy,condescending-margulis-4038316433
oauth2-proxy-vtex-systems-7f94989ddb-qv72g,oauth2-proxy,confident-hermann-2515440957
oauth2-proxy-vtex-com-6d59ffb757-t9sjz,oauth2-proxy,gallant-bardeen-684270501
ds-10-grouping-cluster2-d5cfbf6b7-pkjz9,prometheus-exporters,cool-austin-4201779753
ds-10-grouping-cluster5-78ddcf66cd-kwdww,prometheus-exporters,cool-austin-4201779753
ds-10-grouping-cluster6-8bcb49b5f-pl2rw,prometheus-exporters,cool-austin-4201779753
ds-10-logistics5-567d56d5fc-8txdx,prometheus-exporters,cool-austin-4201779753
is-intelligent-search-v8-02-6fb9785c6b-ww9cm,prometheus-exporters,cool-austin-4201779753
is-intelligent-search-v8-04-7fdf6b6d9b-mg8l8,prometheus-exporters,cool-austin-4201779753
is-intelligent-search-v8-staging-77bfb99787-vcqsh,prometheus-exporters,cool-austin-4201779753
o11y-techinfra-logging-78c5455677-llmqw,prometheus-exporters,cool-austin-4201779753
ds-10-grouping-cluster1-fbff5cbd6-dtv74,prometheus-exporters,laughing-beaver-314968563
ds-10-grouping-cluster3-5cbc857fd8-tlb28,prometheus-exporters,laughing-beaver-314968563
ds-10-grouping-cluster7-567fb6c68-hbmcg,prometheus-exporters,laughing-beaver-314968563
is-intelligent-search-v8-06-766d565bf4-9d7v6,prometheus-exporters,laughing-beaver-314968563
o11y-logging-c8c489c66-pb8hr,prometheus-exporters,laughing-beaver-314968563
ds-10-grouping-cluster4-59f7d4d865-rvnbf,prometheus-exporters,kind-noyce-2849699442
ds-10-grouping-cluster9-644bf87fcd-8fp7w,prometheus-exporters,kind-noyce-2849699442
is-intelligent-search-v8-01-7664c86fc5-2fpvx,prometheus-exporters,kind-noyce-2849699442
is-intelligent-search-v8-03-748fbb9545-lx7v4,prometheus-exporters,kind-noyce-2849699442
is-intelligent-search-v8-05-7c6cc9f5f5-zmhq9,prometheus-exporters,kind-noyce-2849699442
logistics-shipping-77c64c6f87-6s4rq,prometheus-exporters,kind-noyce-2849699442
logistics-shipping-rates-76b565cc49-gcbg9,prometheus-exporters,kind-noyce-2849699442
logistics-shipping-rates-03-5bd7cbfc59-qqxd5,prometheus-exporters,kind-noyce-2849699442
o11y-developer-logging-7d5c95877-dcdpg,prometheus-exporters,kind-noyce-2849699442
pyroscope-o11y-beta-ccfb85947-7dkjd,pyroscope,tender-shtern-65766999
o11y-signoz-otel-collector-7868c9695b-5vj52,signoz,affectionate-herschel-1681855377
o11y-signoz-frontend-85c8dbb458-pvjfs,signoz,agitated-cray-142369536
o11y-signoz-query-service-77b85c7756-qxzlz,signoz,beautiful-wilbur-3330969786
o11y-signoz-frontend-85c8dbb458-v6clt,signoz,competent-golick-980012993
o11y-signoz-otel-collector-7868c9695b-77b7m,signoz,competent-golick-980012993
o11y-signoz-otel-collector-metrics-8577b44c58-skt9j,signoz,competent-golick-980012993
o11y-signoz-otel-collector-7868c9695b-84wcx,signoz,cranky-driscoll-2192747876
o11y-signoz-otel-collector-7868c9695b-jcwv7,signoz,epic-cray-3554529744
o11y-signoz-otel-collector-7868c9695b-kkzmf,signoz,friendly-wing-781832131
o11y-signoz-frontend-85c8dbb458-wz49c,signoz,magical-cori-4040873150
o11y-signoz-otel-collector-7868c9695b-pvtwd,signoz,magical-cori-4040873150
o11y-signoz-otel-collector-7868c9695b-vmj2j,signoz,nervous-tesla-2823528244
o11y-signoz-otel-collector-7868c9695b-vtcv9,signoz,recursing-northcutt-2514860937
o11y-signoz-otel-collector-7868c9695b-z5kw5,signoz,stupefied-euler-2777399300
o11y-signoz-otel-collector-7868c9695b-z985k,signoz,zealous-euler-3679669323
slo-generator-68cdf4b89f-cz9jq,slo-framework,distracted-banzai-772902024
slo-generator-68cdf4b89f-hw57c,slo-framework,distracted-banzai-772902024
slo-generator-68cdf4b89f-hwwvx,slo-framework,distracted-banzai-772902024
slo-generator-68cdf4b89f-jthtk,slo-framework,zealous-bouman-75882532
slo-generator-68cdf4b89f-k5x77,slo-framework,gallant-bardeen-684270501
slo-generator-68cdf4b89f-nc488,slo-framework,gallant-bardeen-684270501
slo-generator-68cdf4b89f-p9pz2,slo-framework,strange-keller-2136436629
slo-generator-68cdf4b89f-rpvk5,slo-framework,quirky-shtern-105533242
slo-generator-68cdf4b89f-srp9d,slo-framework,quirky-shtern-105533242
slo-generator-68cdf4b89f-zpl6c,slo-framework,elated-davinci-2704395934
1567c20d9d95a7ecbb35d50edf2dd6e9be799138fbbe0dd9d17-6b6bc949mrz,slos,brave-shirley-3631205590
3c03ed7d2ab82194b72f04edd62dd8875188d0212b420407df2-66f856h4xcz,slos,brave-shirley-3631205590
40e7f0623062e11bd3fc88dcb8476d6896b6d3739f32b0deecd-5fdf75tvr78,slos,brave-shirley-3631205590
45238c8c1965936a497a1dc3595da1b40be8b30ddedddba80e4-75d8f7hsmxn,slos,brave-shirley-3631205590
4e9227df2ffea27ad399527d1a4518e4251c0f14cfd61704f92-9fbd85nz22c,slos,brave-shirley-3631205590
563bce016040df72046c50d3e948aff4df6216e37010ae6c2da-5449747mbsc,slos,brave-shirley-3631205590
5f587617c6c90f948b4ad14407aaf14f6bd8653b8abaf83fe0c-6864bft476z,slos,brave-shirley-3631205590
631ff750ba5ee32a9a0ef93b4cc52e5f3d3c5395764808dfb41-8457cbl2tz5,slos,brave-shirley-3631205590
6d7fdfc706c401c95e5cb9dc4a8f0cceb525c39e32639fcedc9-7dd546bjpps,slos,brave-shirley-3631205590
723e660cfe84056e354e07e56b409c176fd63cfb5958fd9e4b0-7b9c87w6wmg,slos,brave-shirley-3631205590
739db8a11aa1d4c4d34784c248e56b5d6c8e1788022b48e15ce-64885flb7lk,slos,brave-shirley-3631205590
781cfbc66ac1ba73d9447e4073bbfbb825ae318d818edd3865c-b68695qm57d,slos,brave-shirley-3631205590
8761d45bde6fddc1794e451dd67e83990fb4223f4d40cf458c7-5658dd2nllc,slos,brave-shirley-3631205590
87790d3a0053953ad41bbfdef744a5d049036debf39a2af22a0-d74949njbpj,slos,brave-shirley-3631205590
87f7099f6df6e7b081e99ff6dea2e4c532a207bc36dcc04a9b8-c9c5d42mhh4,slos,brave-shirley-3631205590
991fee3cdd3ba09bed8390828d782a47bf802aa12d12731be18-7d7c8cmqjm5,slos,brave-shirley-3631205590
9db14fb5be9f0ec1fc00c9c1d4a00c15c7192375b79ec90ec8d-84c66f6gvqd,slos,brave-shirley-3631205590
9f5a3ab1bfd69cc763ef681ad4be111dbe91a3eb08d1959db9a-864df4cq5gt,slos,brave-shirley-3631205590
a3d4a2834aa9c0643991ceccd1925f0dd5ff76ea31e420573b4-5bfbf96rqdl,slos,brave-shirley-3631205590
aa3164470c0c8ee1204fdda7cfb0cd63075cf8775b8a084b9ff-b864ddbzkrm,slos,brave-shirley-3631205590
b7e9835e8230d8ee84f2bc11967f383eec1ef3864ec750dabcc-8ccc5897s8j,slos,brave-shirley-3631205590
ba692942ed6b2fe237acea4a8e2a446423f71c2de95545deb09-7868f97j2nk,slos,brave-shirley-3631205590
cc497f77b0882b08d57096ba4028fbc351f31bd4fac6fb9cf8f-7588f49l2k4,slos,brave-shirley-3631205590
cc975001ea0514734dfa0ed35a6e2ba3432d968d1e55e49578b-7d44d8wvxtj,slos,brave-shirley-3631205590
da417ab1390a11739dcf41c430a70ae695885c20aed318a28b9-6dc4cff7fdk,slos,brave-shirley-3631205590
fb2d3188e2a27a765b4ca4a3393158208f5f8d968db54eaa7ff-5fd964bgr2l,slos,brave-shirley-3631205590
sre-octopus-bb4bd55c7-2prl8,sre-octopus,distracted-banzai-772902024
sre-octopus-bb4bd55c7-jl2qv,sre-octopus,strange-keller-2136436629
otel-o11y-ob3-traces-balancer-opentelemetry-collector-7b642vtks,traces,adoring-pike-882503925
otel-o11y-ob3-traces-opentelemetry-collector-58758f569b-4ht69,traces,adoring-pike-882503925
otel-o11y-ob3-traces-opentelemetry-collector-58758f569b-6tzqx,traces,adoring-pike-882503925
otel-o11y-ob3-traces-balancer-beta-opentelemetry-collectorj6hpr,traces,amazing-black-876317791
otel-o11y-ob3-traces-balancer-opentelemetry-collector-7b644q2jh,traces,amazing-black-876317791
otel-o11y-ob3-traces-opentelemetry-collector-58758f569b-6znhd,traces,amazing-black-876317791
otel-o11y-ob3-traces-opentelemetry-collector-58758f569b-95jpm,traces,amazing-black-876317791
refinery-o11y-ob3-stable-66ffb9f49-24xsv,traces,angry-euler-2324694481
refinery-o11y-ob3-stable-66ffb9f49-gkvnn,traces,fervent-johnson-1163693547
otel-o11y-ob3-traces-opentelemetry-collector-58758f569b-99qcw,traces,angry-bassi-1423824326
otel-o11y-ob3-traces-opentelemetry-collector-58758f569b-9n56c,traces,angry-bassi-1423824326
otel-o11y-ob3-traces-opentelemetry-collector-58758f569b-9n6fg,traces,angry-bassi-1423824326
refinery-o11y-ob3-stable-66ffb9f49-nbj4v,traces,festive-jones-3730009803
redis-o11y-ob3-refinery-stable-master-fcdd8b4b-mzvfn,traces,friendly-shirley-836230432
refinery-o11y-ob3-stable-66ffb9f49-pxcsl,traces,friendly-shirley-836230432
otel-o11y-ob3-traces-balancer-opentelemetry-collector-7b6489vnh,traces,blissful-chandrasekhar-3072155426
otel-o11y-ob3-traces-balancer-opentelemetry-collector-7b648gx5c,traces,blissful-chandrasekhar-3072155426
otel-o11y-ob3-traces-balancer-opentelemetry-collector-7b649x8vv,traces,blissful-chandrasekhar-3072155426
otel-o11y-ob3-traces-beta-opentelemetry-collector-545b575fcbkzr,traces,blissful-chandrasekhar-3072155426
otel-o11y-ob3-traces-balancer-opentelemetry-collector-7b64cmmfl,traces,bold-jemison-1094608050
otel-o11y-ob3-traces-balancer-opentelemetry-collector-7b64g4mgg,traces,bold-jemison-1094608050
otel-o11y-ob3-traces-balancer-opentelemetry-collector-7b64gqn4k,traces,bold-jemison-1094608050
refinery-o11y-ob3-stable-66ffb9f49-skgrv,traces,mystifying-goodall-978407405
otel-o11y-ob3-traces-balancer-opentelemetry-collector-7b64hxnrm,traces,charming-taussig-1518549625
otel-o11y-ob3-traces-balancer-opentelemetry-collector-7b64kmlfm,traces,charming-taussig-1518549625
otel-o11y-ob3-traces-opentelemetry-collector-58758f569b-bftlx,traces,charming-taussig-1518549625
otel-o11y-ob3-traces-balancer-opentelemetry-collector-7b64kn6nh,traces,condescending-hugle-1144029805
otel-o11y-ob3-traces-opentelemetry-collector-58758f569b-c458b,traces,condescending-hugle-1144029805
otel-o11y-ob3-traces-opentelemetry-collector-58758f569b-c9c2d,traces,condescending-hugle-1144029805
otel-o11y-ob3-traces-balancer-opentelemetry-collector-7b64mzjvd,traces,elastic-taussig-3294415623
otel-o11y-ob3-traces-balancer-opentelemetry-collector-7b64nvqmd,traces,elastic-taussig-3294415623
otel-o11y-ob3-traces-balancer-opentelemetry-collector-7b64p9tk8,traces,elastic-taussig-3294415623
otel-o11y-ob3-traces-frontend-opentelemetry-collector-76f82lw44,traces,elastic-taussig-3294415623
otel-o11y-ob3-traces-balancer-opentelemetry-collector-7b64pm7vq,traces,lucid-goldstine-1717392940
otel-o11y-ob3-traces-opentelemetry-collector-58758f569b-fhgzt,traces,lucid-goldstine-1717392940
otel-o11y-ob3-traces-opentelemetry-collector-58758f569b-h79fd,traces,lucid-goldstine-1717392940
otel-o11y-ob3-traces-balancer-opentelemetry-collector-7b64swgch,traces,optimistic-poincare-1983345642
otel-o11y-ob3-traces-opentelemetry-collector-58758f569b-hwmsw,traces,optimistic-poincare-1983345642
otel-o11y-ob3-traces-opentelemetry-collector-58758f569b-jpq88,traces,optimistic-poincare-1983345642
otel-o11y-ob3-traces-balancer-opentelemetry-collector-7b64tw2h6,traces,peaceful-almeida-94576887
otel-o11y-ob3-traces-opentelemetry-collector-58758f569b-k7lcd,traces,peaceful-almeida-94576887
otel-o11y-ob3-traces-opentelemetry-collector-58758f569b-mqlr2,traces,peaceful-almeida-94576887
otel-o11y-ob3-traces-balancer-opentelemetry-collector-7b64vn45x,traces,silly-galileo-204466445
otel-o11y-ob3-traces-opentelemetry-collector-58758f569b-n9s9z,traces,silly-galileo-204466445
otel-o11y-ob3-traces-opentelemetry-collector-58758f569b-rljrp,traces,silly-galileo-204466445
otel-o11y-ob3-traces-balancer-opentelemetry-collector-7b64w6zq6,traces,vigorous-allen-2191975701
otel-o11y-ob3-traces-opentelemetry-collector-58758f569b-t6dm6,traces,vigorous-allen-2191975701
otel-o11y-ob3-traces-opentelemetry-collector-58758f569b-tt2ll,traces,vigorous-allen-2191975701
redis-o11y-ob3-refinery-dev-master-7d6bb5b7b8-2v45z,traces,thirsty-mccarthy-2719617920
refinery-o11y-ob3-dev-74c564d585-d9rkl,traces,thirsty-mccarthy-2719617920
otel-o11y-ob3-traces-balancer-opentelemetry-collector-7b64whrjd,traces,relaxed-mendeleev-2685943068
otel-o11y-ob3-traces-frontend-opentelemetry-collector-76f84kw76,traces,relaxed-mendeleev-2685943068
vmstorage-default-stable-849567cf8b-2fczp,victoria-metrics,busy-swartz-1215968023
vmstorage-merchant-journey-stable-648c676758-5czlh,victoria-metrics,busy-swartz-1215968023
vmstorage-default-stable-849567cf8b-rp82l,victoria-metrics,condescending-margulis-657820781
vmstorage-janus-stable-54cb789c8c-2gs9w,victoria-metrics,condescending-margulis-657820781
vminsert-developer-journey-stable-7f7c85b448-c77c5,victoria-metrics,festive-spence-3305755702
vminsert-janus-stable-5768489cd4-6qnr6,victoria-metrics,festive-spence-3305755702
vminsert-shopper-journey-stable-5cc768c596-757tw,victoria-metrics,festive-spence-3305755702
vmselect-developer-journey-stable-59f54475c-8wqc2,victoria-metrics,festive-spence-3305755702
vmselect-janus-stable-bc5f8bf45-4s7sb,victoria-metrics,festive-spence-3305755702
vmselect-merchant-journey-stable-74989999f5-4kx64,victoria-metrics,festive-spence-3305755702
vmselect-tech-infra-stable-6cf5c4795-gznxv,victoria-metrics,festive-spence-3305755702
vmselect-vm-o11y-platform-5cddfd475d-7r2fc,victoria-metrics,festive-spence-3305755702
vmselect-vm-o11y-platform-5cddfd475d-ljddf,victoria-metrics,festive-spence-3305755702
vmstorage-janus-stable-54cb789c8c-8l6t5,victoria-metrics,festive-spence-3305755702
vmstorage-janus-stable-54cb789c8c-b258f,victoria-metrics,festive-spence-3305755702
vmstorage-janus-stable-54cb789c8c-bxnzq,victoria-metrics,festive-spence-3305755702
vmstorage-merchant-journey-stable-648c676758-6mqw2,victoria-metrics,festive-spence-3305755702
vmstorage-tech-infra-stable-795bd499cc-2mkn8,victoria-metrics,festive-spence-3305755702
vmstorage-vm-infra-metrics-6c4cb778f7-9jbtk,victoria-metrics,festive-spence-3305755702
vmstorage-vm-o11y-platform-669f8cbcb9-j882s,victoria-metrics,festive-spence-3305755702
vmstorage-janus-stable-54cb789c8c-gm2fg,victoria-metrics,jolly-tesla-4243375961
vminsert-tech-infra-stable-89bdb46d4-59n8j,victoria-metrics,competent-bell-919161117
vmselect-vm-infra-metrics-59695589bb-jgd82,victoria-metrics,competent-bell-919161117
vmstorage-developer-journey-stable-7b6bdcbf5c-7gc2d,victoria-metrics,competent-bell-919161117
vmstorage-janus-stable-54cb789c8c-gvfdg,victoria-metrics,magical-proskuriakova-1609053631
vmalert-cd-anomaly-frwk-alert-6bff8b9d65-wrwcq,victoria-metrics,objective-sanderson-3808794103
vmstorage-janus-stable-54cb789c8c-h5wg7,victoria-metrics,objective-sanderson-3808794103
vmselect-janus-stable-bc5f8bf45-6jnfx,victoria-metrics,cranky-gould-871994308
vminsert-default-stable-6666b7478f-wpx7d,victoria-metrics,infallible-carver-2530728316
vminsert-merchant-journey-stable-666dbd8945-29kxn,victoria-metrics,infallible-carver-2530728316
vminsert-vm-o11y-platform-6b776fb55-544mb,victoria-metrics,infallible-carver-2530728316
vmselect-janus-stable-bc5f8bf45-k2rch,victoria-metrics,infallible-carver-2530728316
vmselect-tech-infra-stable-6cf5c4795-kd25w,victoria-metrics,infallible-carver-2530728316
vmselect-tech-infra-stable-6cf5c4795-mv7dn,victoria-metrics,infallible-carver-2530728316
vmsingle-loadtests-588bcd6875-2db8d,victoria-metrics,infallible-carver-2530728316
vminsert-developer-journey-stable-7f7c85b448-c884m,victoria-metrics,boring-williamson-2495994268
vminsert-developer-journey-stable-7f7c85b448-d5gcm,victoria-metrics,boring-williamson-2495994268
vminsert-merchant-journey-stable-666dbd8945-4gkrt,victoria-metrics,boring-williamson-2495994268
vminsert-tech-infra-stable-89bdb46d4-8fdcg,victoria-metrics,boring-williamson-2495994268
vminsert-shopper-journey-stable-5cc768c596-p6gfx,victoria-metrics,agitated-dhawan-3102744808
vminsert-tech-infra-stable-89bdb46d4-c5g2r,victoria-metrics,agitated-dhawan-3102744808
vmstorage-merchant-journey-stable-648c676758-q7cs5,victoria-metrics,agitated-dhawan-3102744808
vmstorage-janus-stable-54cb789c8c-lhm26,victoria-metrics,sharp-mendel-1323738981
vmagent-aggregation-delta-6544f7fc58-64rwv,victoria-metrics,determined-keldysh-761341912
vminsert-janus-stable-5768489cd4-7xkmq,victoria-metrics,determined-keldysh-761341912
vminsert-janus-stable-5768489cd4-lrbrr,victoria-metrics,determined-keldysh-761341912
vminsert-janus-stable-5768489cd4-rwpn8,victoria-metrics,determined-keldysh-761341912
vminsert-janus-stable-5768489cd4-shbj8,victoria-metrics,determined-keldysh-761341912
vminsert-tech-infra-stable-89bdb46d4-dm5nx,victoria-metrics,determined-keldysh-761341912
vminsert-tech-infra-stable-89bdb46d4-f8gqf,victoria-metrics,determined-keldysh-761341912
vminsert-vm-o11y-platform-6b776fb55-x7786,victoria-metrics,determined-keldysh-761341912
vmselect-merchant-journey-stable-74989999f5-dvkzm,victoria-metrics,determined-keldysh-761341912
vminsert-shopper-journey-stable-5cc768c596-phzjk,victoria-metrics,dreamy-bohr-4195118401
vmstorage-janus-stable-54cb789c8c-lwbdk,victoria-metrics,dreamy-bohr-4195118401
vmstorage-tech-infra-stable-795bd499cc-4fcmh,victoria-metrics,dreamy-bohr-4195118401
vminsert-merchant-journey-stable-666dbd8945-b6mbl,victoria-metrics,nifty-gauss-352239972
vminsert-merchant-journey-stable-666dbd8945-dqfmb,victoria-metrics,nifty-gauss-352239972
vminsert-tech-infra-stable-89bdb46d4-n2qwl,victoria-metrics,nifty-gauss-352239972
vmstorage-janus-stable-54cb789c8c-mdphr,victoria-metrics,nifty-gauss-352239972
vmalert-prd-ti-o11y-eks-use1-ob3-d7f8cb8f7-jqrbb,victoria-metrics,recursing-noyce-1615056006
vminsert-developer-journey-stable-7f7c85b448-j8z76,victoria-metrics,recursing-noyce-1615056006
vminsert-janus-stable-5768489cd4-t2pqq,victoria-metrics,recursing-noyce-1615056006
vminsert-merchant-journey-stable-666dbd8945-dsm2d,victoria-metrics,recursing-noyce-1615056006
vmselect-janus-stable-bc5f8bf45-tjggv,victoria-metrics,recursing-noyce-1615056006
vmstorage-shopper-journey-stable-6df5cb9d97-5x7rr,victoria-metrics,recursing-noyce-1615056006
vminsert-developer-journey-stable-7f7c85b448-q29z5,victoria-metrics,vigorous-cori-3161781680
vminsert-shopper-journey-stable-5cc768c596-qtvb8,victoria-metrics,vigorous-cori-3161781680
vminsert-tech-infra-stable-89bdb46d4-plbvq,victoria-metrics,vigorous-cori-3161781680
vmselect-tech-infra-stable-6cf5c4795-n2mmw,victoria-metrics,vigorous-cori-3161781680
vmstorage-janus-stable-54cb789c8c-ql6lr,victoria-metrics,vigorous-cori-3161781680
vminsert-developer-journey-stable-7f7c85b448-q8vs5,victoria-metrics,intelligent-cerf-3531626321
vmstorage-janus-stable-54cb789c8c-sbt6n,victoria-metrics,intelligent-cerf-3531626321
victoria-metrics-operator-ob3-stable-8f585bbb5-bscpw,victoria-metrics,vibrant-haibt-4175549848
vminsert-shopper-journey-stable-5cc768c596-szhfb,victoria-metrics,vibrant-haibt-4175549848
vminsert-tech-infra-stable-89bdb46d4-s782q,victoria-metrics,vibrant-haibt-4175549848
vmstorage-merchant-journey-stable-648c676758-rwcd5,victoria-metrics,vibrant-haibt-4175549848
vmselect-tech-infra-stable-6cf5c4795-pxwsq,victoria-metrics,hardcore-gagarin-1888048238
vmstorage-default-stable-849567cf8b-vb774,victoria-metrics,hardcore-gagarin-1888048238
vmstorage-developer-journey-stable-7b6bdcbf5c-9pzvt,victoria-metrics,hardcore-gagarin-1888048238
vmstorage-janus-stable-54cb789c8c-sjnn2,victoria-metrics,stupefied-lewin-1395558768
vminsert-default-stable-6666b7478f-x2mbn,victoria-metrics,condescending-volhard-3853278499
vmstorage-developer-journey-stable-7b6bdcbf5c-9t25c,victoria-metrics,condescending-volhard-3853278499
victoria-metrics-operator-ob3-stable-8f585bbb5-hzpq9,victoria-metrics,dazzling-aryabhata-874596641
vmstorage-tech-infra-stable-795bd499cc-9pf2m,victoria-metrics,dazzling-aryabhata-874596641
vmagent-prd-ti-o11y-eks-use1-ob3-76cf559c7c-x9tqd,victoria-metrics,loving-franklin-2439620517
vmstorage-tech-infra-stable-795bd499cc-gwclx,victoria-metrics,loving-franklin-2439620517
vminsert-tech-infra-stable-89bdb46d4-wz8wg,victoria-metrics,modest-colden-4266524441
vmstorage-developer-journey-stable-7b6bdcbf5c-djb6r,victoria-metrics,modest-colden-4266524441
vmstorage-janus-stable-54cb789c8c-sn9k5,victoria-metrics,modest-colden-4266524441
vminsert-vm-infra-metrics-685f68c9fd-qgrf8,victoria-metrics,nostalgic-tharp-1787512392
vmstorage-tech-infra-stable-795bd499cc-lpt72,victoria-metrics,nostalgic-tharp-1787512392
vmalert-shopper-journey-stable-59696d8754-jfl66,victoria-metrics,stupefied-tu-1512689871
vmstorage-tech-infra-stable-795bd499cc-tts9r,victoria-metrics,stupefied-tu-1512689871
vminsert-vm-infra-metrics-685f68c9fd-w56g6,victoria-metrics,unruffled-ptolemy-3885859835
vmstorage-shopper-journey-stable-6df5cb9d97-6jr9s,victoria-metrics,unruffled-ptolemy-3885859835
vmalert-tech-infra-journey-stable-6db579bc97-kq5q8,victoria-metrics,tender-bhabha-840220446
vmstorage-tech-infra-stable-795bd499cc-vvtmv,victoria-metrics,tender-bhabha-840220446
vmalert-merchant-journey-stable-75755bc89-tmfdv,victoria-metrics,priceless-carver-133121615
vminsert-shopper-journey-stable-5cc768c596-tjbt8,victoria-metrics,priceless-carver-133121615
vmselect-vm-infra-metrics-59695589bb-n2q7h,victoria-metrics,priceless-carver-133121615
vmstorage-developer-journey-stable-7b6bdcbf5c-fdskd,victoria-metrics,priceless-carver-133121615
vminsert-developer-journey-stable-7f7c85b448-sx89q,victoria-metrics,funny-murdock-1522908019
vminsert-tech-infra-stable-89bdb46d4-xkfm9,victoria-metrics,funny-murdock-1522908019
vmselect-shopper-journey-stable-5d7955886-czqnz,victoria-metrics,funny-murdock-1522908019
vmselect-tech-infra-stable-6cf5c4795-tbvwn,victoria-metrics,funny-murdock-1522908019
vmstorage-developer-journey-stable-7b6bdcbf5c-gk5z7,victoria-metrics,funny-murdock-1522908019
vmstorage-developer-journey-stable-7b6bdcbf5c-hpzd8,victoria-metrics,funny-murdock-1522908019
vmstorage-developer-journey-stable-7b6bdcbf5c-jxcbx,victoria-metrics,funny-murdock-1522908019
vmstorage-shopper-journey-stable-6df5cb9d97-8hndr,victoria-metrics,funny-murdock-1522908019
vmselect-tech-infra-stable-6cf5c4795-xjp6l,victoria-metrics,sleepy-borg-1795063949
vmstorage-developer-journey-stable-7b6bdcbf5c-ksxqr,victoria-metrics,sleepy-borg-1795063949
vmstorage-developer-journey-stable-7b6bdcbf5c-r2vch,victoria-metrics,cool-khayyam-1162936247
vmstorage-shopper-journey-stable-6df5cb9d97-cvnx6,victoria-metrics,cool-khayyam-1162936247
vmstorage-tech-infra-stable-795bd499cc-xx468,victoria-metrics,cool-khayyam-1162936247
vmsingle-slos-6cd544f77d-22vjl,victoria-metrics,upbeat-lichterman-2502115836
vmstorage-developer-journey-stable-7b6bdcbf5c-sv976,victoria-metrics,upbeat-lichterman-2502115836
vminsert-developer-journey-stable-7f7c85b448-vcx2c,victoria-metrics,nostalgic-black-1436241501
vminsert-developer-journey-stable-7f7c85b448-xsjmr,victoria-metrics,nostalgic-black-1436241501
vminsert-merchant-journey-stable-666dbd8945-gmc6g,victoria-metrics,nostalgic-black-1436241501
vmselect-merchant-journey-stable-74989999f5-t85vk,victoria-metrics,nostalgic-black-1436241501
vmalert-common-dash-score-alert-864b7478b7-zlbxf,victoria-metrics,hardcore-ptolemy-2746651516
vminsert-shopper-journey-stable-5cc768c596-txshw,victoria-metrics,hardcore-ptolemy-2746651516
vmselect-default-stable-86c74d6dc5-4r59g,victoria-metrics,hardcore-ptolemy-2746651516
vmsingle-internal-monitoring-c8648745d-lqg4j,victoria-metrics,wizardly-mendel-2175548099
vmstorage-vm-o11y-platform-669f8cbcb9-l9tgh,victoria-metrics,wizardly-mendel-2175548099
vminsert-developer-journey-stable-7f7c85b448-zdt4m,victoria-metrics,suspicious-goldwasser-416431347
vminsert-merchant-journey-stable-666dbd8945-wp6t8,victoria-metrics,suspicious-goldwasser-416431347
vmselect-developer-journey-stable-59f54475c-rj84s,victoria-metrics,suspicious-goldwasser-416431347
vmselect-janus-stable-bc5f8bf45-vlk8m,victoria-metrics,suspicious-goldwasser-416431347
vmselect-janus-stable-bc5f8bf45-x6tch,victoria-metrics,suspicious-goldwasser-416431347
vmselect-shopper-journey-stable-5d7955886-qr9pm,victoria-metrics,suspicious-goldwasser-416431347
vmselect-tech-infra-stable-6cf5c4795-zwffg,victoria-metrics,suspicious-goldwasser-416431347
vmstorage-developer-journey-stable-7b6bdcbf5c-tggfh,victoria-metrics,suspicious-goldwasser-416431347
vmstorage-developer-journey-stable-7b6bdcbf5c-x2nq8,victoria-metrics,suspicious-goldwasser-416431347
vmstorage-janus-stable-54cb789c8c-szn7m,victoria-metrics,suspicious-goldwasser-416431347
vmstorage-janus-stable-54cb789c8c-th6m6,victoria-metrics,suspicious-goldwasser-416431347
vmstorage-janus-stable-54cb789c8c-vcz7k,victoria-metrics,suspicious-goldwasser-416431347
vmstorage-janus-stable-54cb789c8c-wrv2d,victoria-metrics,suspicious-goldwasser-416431347
vmstorage-vm-infra-metrics-6c4cb778f7-qmhnj,victoria-metrics,suspicious-goldwasser-416431347
vmselect-developer-journey-stable-59f54475c-wj6f4,victoria-metrics,stupefied-brahmagupta-1500734337
vmstorage-developer-journey-stable-7b6bdcbf5c-xdtc7,victoria-metrics,stupefied-brahmagupta-1500734337
